LineString,Time,Amplitude,Decibels
"LINESTRING(-0.030453 51.523116, -0.030707 51.523655)",00:00,0.03666853,9.84458256
"LINESTRING(-0.030707 51.523655, -0.030718 51.523674)",00:14,0.03666853,9.84458256
"LINESTRING(-0.030718 51.523674, -0.030753 51.523739)",,0.03666853,9.84458256
"LINESTRING(-0.030753 51.523739, -0.030893 51.524)",,0.03666853,9.84458256
"LINESTRING(-0.030893 51.524, -0.031043 51.524279)",00:21,0.03666853,9.84458256
"LINESTRING(-0.031043 51.524279, -0.031117 51.524418)",,0.03666853,9.84458256
"LINESTRING(-0.031117 51.524418, -0.031159 51.524488)",,0.03666853,9.84458256
"LINESTRING(-0.031159 51.524488, -0.031305 51.524765)",00:31,0.03666853,9.84458256
"LINESTRING(-0.031305 51.524765, -0.031364 51.524833)",,0.03666853,9.84458256
"LINESTRING(-0.031364 51.524833, -0.03157 51.525266)",00:38,0.03666853,9.84458256
"LINESTRING(-0.03157 51.525266, -0.03159 51.525308)",,0.03666853,9.84458256
"LINESTRING(-0.03159 51.525308, -0.031742 51.525563)",00:47,0.03666853,9.84458256
"LINESTRING(-0.031742 51.525563, -0.031742 51.525563)",,0.03666853,9.84458256
"LINESTRING(-0.031742 51.525563, -0.031789 51.525642)",,0.03666853,9.84458256
"LINESTRING(-0.031789 51.525642, -0.03181 51.525677)",,0.03666853,9.84458256
"LINESTRING(-0.03181 51.525677, -0.031814 51.525684)",,0.03666853,9.84458256
"LINESTRING(-0.031814 51.525684, -0.031978 51.525655)",00:58,0.03666853,9.84458256
"LINESTRING(-0.031978 51.525655, -0.032065 51.525613)",01:00,0.03666853,9.84458256
"LINESTRING(-0.032065 51.525613, -0.032381 51.525536)",,0.09166661,17.41610718
"LINESTRING(-0.032381 51.525536, -0.032859 51.525416)",,0.09166661,17.41610718
"LINESTRING(-0.032859 51.525416, -0.033112 51.525355)",01:13,0.09166661,17.41610718
"LINESTRING(-0.033112 51.525355, -0.03325 51.525322)",,0.09166661,17.41610718
"LINESTRING(-0.03325 51.525322, -0.033289 51.525318)",,0.09166661,17.41610718
"LINESTRING(-0.033289 51.525318, -0.033408 51.525288)",,0.09166661,17.41610718
"LINESTRING(-0.033408 51.525288, -0.033481 51.525314)",,0.09166661,17.41610718
"LINESTRING(-0.033481 51.525314, -0.03356 51.525288)",,0.09166661,17.41610718
"LINESTRING(-0.03356 51.525288, -0.033641 51.525269)",,0.09166661,17.41610718
"LINESTRING(-0.033641 51.525269, -0.033694 51.525259)",,0.09166661,17.41610718
"LINESTRING(-0.033694 51.525259, -0.03392 51.525207)",,0.09166661,17.41610718
"LINESTRING(-0.03392 51.525207, -0.03408 51.525167)",01:25,0.09166661,17.41610718
"LINESTRING(-0.03408 51.525167, -0.034185 51.525139)",,0.09166661,17.41610718
"LINESTRING(-0.034185 51.525139, -0.034185 51.525103)",,0.09166661,17.41610718
"LINESTRING(-0.034185 51.525103, -0.034333 51.525061)",,0.09166661,17.41610718
"LINESTRING(-0.034333 51.525061, -0.034403 51.52504)",,0.09166661,17.41610718
"LINESTRING(-0.034403 51.52504, -0.034461 51.525025)",,0.09166661,17.41610718
"LINESTRING(-0.034461 51.525025, -0.034698 51.524989)",,0.09166661,17.41610718
"LINESTRING(-0.034698 51.524989, -0.034878 51.52493)",01:33,0.09166661,17.41610718
"LINESTRING(-0.034878 51.52493, -0.035072 51.524872)",,0.09166661,17.41610718
"LINESTRING(-0.035072 51.524872, -0.035127 51.524855)",,0.09166661,17.41610718
"LINESTRING(-0.035127 51.524855, -0.035199 51.524841)",,0.09166661,17.41610718
"LINESTRING(-0.035199 51.524841, -0.03529 51.524802)",,0.09166661,17.41610718
"LINESTRING(-0.03529 51.524802, -0.035307 51.524783)",,0.09166661,17.41610718
"LINESTRING(-0.035307 51.524783, -0.035518 51.524726)",,0.09166661,17.41610718
"LINESTRING(-0.035518 51.524726, -0.035642 51.524685)",01:43,0.09166661,17.41610718
"LINESTRING(-0.035642 51.524685, -0.036367 51.524405)",,0.09166661,17.41610718
"LINESTRING(-0.036367 51.524405, -0.036534 51.524344)",01:54,0.09166661,17.41610718
"LINESTRING(-0.036534 51.524344, -0.036568 51.524322)",,0.09166661,17.41610718
"LINESTRING(-0.036568 51.524322, -0.036598 51.524311)",,0.09166661,17.41610718
"LINESTRING(-0.036598 51.524311, -0.036693 51.524274)",,0.09166661,17.41610718
"LINESTRING(-0.036693 51.524274, -0.0368 51.524256)",,0.09166661,17.41610718
"LINESTRING(-0.0368 51.524256, -0.036831 51.524246)",02:00,0.09166661,17.41610718
"LINESTRING(-0.036831 51.524246, -0.036918 51.524218)",,0.08750052,16.47987366
"LINESTRING(-0.036918 51.524218, -0.037028 51.524177)",,0.08750052,16.47987366
"LINESTRING(-0.037028 51.524177, -0.037066 51.524163)",02:05,0.08750052,16.47987366
"LINESTRING(-0.037066 51.524163, -0.037158 51.524124)",,0.08750052,16.47987366
"LINESTRING(-0.037158 51.524124, -0.037308 51.524056)",,0.08750052,16.47987366
"LINESTRING(-0.037308 51.524056, -0.037541 51.523946)",,0.08750052,16.47987366
"LINESTRING(-0.037541 51.523946, -0.037608 51.523915)",2:20,0.08750052,16.47987366
"LINESTRING(-0.037608 51.523915, -0.037915 51.523777)",02:12,0.08750052,16.47987366
"LINESTRING(-0.037915 51.523777, -0.038136 51.523651)",,0.08750052,16.47987366
"LINESTRING(-0.038136 51.523651, -0.038288 51.523571)",,0.08750052,16.47987366
"LINESTRING(-0.038288 51.523571, -0.038431 51.52349)",02:24,0.08750052,16.47987366
"LINESTRING(-0.038431 51.52349, -0.03853 51.523432)",,0.08750052,16.47987366
"LINESTRING(-0.03853 51.523432, -0.038817 51.523298)",,0.08750052,16.47987366
"LINESTRING(-0.038817 51.523298, -0.038938 51.523251)",,0.08750052,16.47987366
"LINESTRING(-0.038938 51.523251, -0.038969 51.523232)",,0.08750052,16.47987366
"LINESTRING(-0.038969 51.523232, -0.039004 51.523212)",,0.08750052,16.47987366
"LINESTRING(-0.039004 51.523212, -0.039102 51.523176)",,0.08750052,16.47987366
"LINESTRING(-0.039102 51.523176, -0.03926 51.523115)",,0.08750052,16.47987366
"LINESTRING(-0.03926 51.523115, -0.039331 51.523107)",,0.08750052,16.47987366
"LINESTRING(-0.039331 51.523107, -0.039389 51.523091)",,0.08750052,16.47987366
"LINESTRING(-0.039389 51.523091, -0.039749 51.522973)",,0.08750052,16.47987366
"LINESTRING(-0.039749 51.522973, -0.039901 51.522926)",02:39,0.08750052,16.47987366
"LINESTRING(-0.039901 51.522926, -0.039988 51.522898)",,0.08750052,16.47987366
"LINESTRING(-0.039988 51.522898, -0.040175 51.522839)",,0.08750052,16.47987366
"LINESTRING(-0.040175 51.522839, -0.040301 51.522807)",02:53,0.08750052,16.47987366
"LINESTRING(-0.040301 51.522807, -0.040585 51.522733)",,0.08750052,16.47987366
"LINESTRING(-0.040585 51.522733, -0.041032 51.522611)",03:00,0.08750052,16.47987366
"LINESTRING(-0.041032 51.522611, -0.04107 51.522603)",03:05,0.07369181,12.62541008
"LINESTRING(-0.04107 51.522603, -0.04107 51.522603)",,0.07369181,12.62541008
"LINESTRING(-0.04107 51.522603, -0.041871 51.522429)",,0.07369181,12.62541008
"LINESTRING(-0.041871 51.522429, -0.041914 51.522422)",03:14,0.07369181,12.62541008
"LINESTRING(-0.041914 51.522422, -0.041981 51.522408)",,0.07369181,12.62541008
"LINESTRING(-0.041981 51.522408, -0.04205 51.522394)",,0.07369181,12.62541008
"LINESTRING(-0.04205 51.522394, -0.042123 51.522382)",,0.07369181,12.62541008
"LINESTRING(-0.042123 51.522382, -0.042187 51.522364)",,0.07369181,12.62541008
"LINESTRING(-0.042187 51.522364, -0.042228 51.52234)",,0.07369181,12.62541008
"LINESTRING(-0.042228 51.52234, -0.042466 51.522299)",,0.07369181,12.62541008
"LINESTRING(-0.042466 51.522299, -0.042614 51.52228)",03:21,0.07369181,12.62541008
"LINESTRING(-0.042614 51.52228, -0.042673 51.522285)",,0.07369181,12.62541008
"LINESTRING(-0.042673 51.522285, -0.042726 51.522279)",,0.07369181,12.62541008
"LINESTRING(-0.042726 51.522279, -0.042798 51.52227)",,0.07369181,12.62541008
"LINESTRING(-0.042798 51.52227, -0.042978 51.522249)",,0.07369181,12.62541008
"LINESTRING(-0.042978 51.522249, -0.043087 51.522238)",,0.07369181,12.62541008
"LINESTRING(-0.043087 51.522238, -0.043255 51.522238)",,0.07369181,12.62541008
"LINESTRING(-0.043255 51.522238, -0.043307 51.522236)",,0.07369181,12.62541008
"LINESTRING(-0.043307 51.522236, -0.043631 51.522222)",03:29,0.07369181,12.62541008
"LINESTRING(-0.043631 51.522222, -0.043868 51.522208)",,0.07369181,12.62541008
"LINESTRING(-0.043868 51.522208, -0.044058 51.522192)",,0.07369181,12.62541008
"LINESTRING(-0.044058 51.522192, -0.04426 51.522166)",,0.07369181,12.62541008
"LINESTRING(-0.04426 51.522166, -0.044486 51.522111)",03:38,0.07369181,12.62541008
"LINESTRING(-0.044486 51.522111, -0.044753 51.522061)",,0.07369181,12.62541008
"LINESTRING(-0.044753 51.522061, -0.045097 51.521991)",,0.07369181,12.62541008
"LINESTRING(-0.045097 51.521991, -0.045449 51.521922)",,0.07369181,12.62541008
"LINESTRING(-0.045449 51.521922, -0.045725 51.521865)",03:51,0.07369181,12.62541008
"LINESTRING(-0.045725 51.521865, -0.046168 51.521779)",04:00,0.07369181,12.62541008
"LINESTRING(-0.046168 51.521779, -0.046267 51.521758)",04:06,0.0597655,13.54724789
"LINESTRING(-0.046267 51.521758, -0.046314 51.521743)",,0.0597655,13.54724789
"LINESTRING(-0.046314 51.521743, -0.046348 51.521723)",,0.0597655,13.54724789
"LINESTRING(-0.046348 51.521723, -0.046659 51.521663)",,0.0597655,13.54724789
"LINESTRING(-0.046659 51.521663, -0.046736 51.521666)",,0.0597655,13.54724789
"LINESTRING(-0.046736 51.521666, -0.046823 51.52166)",,0.0597655,13.54724789
"LINESTRING(-0.046823 51.52166, -0.047607 51.521501)",04:14,0.0597655,13.54724789
"LINESTRING(-0.047607 51.521501, -0.048539 51.521308)",04:23,0.0597655,13.54724789
"LINESTRING(-0.048539 51.521308, -0.048635 51.521287)",,0.0597655,13.54724789
"LINESTRING(-0.048635 51.521287, -0.048838 51.521243)",,0.0597655,13.54724789
"LINESTRING(-0.048838 51.521243, -0.048863 51.521224)",,0.0597655,13.54724789
"LINESTRING(-0.048863 51.521224, -0.049058 51.521184)",04:32,0.0597655,13.54724789
"LINESTRING(-0.049058 51.521184, -0.049205 51.521154)",,0.0597655,13.54724789
"LINESTRING(-0.049205 51.521154, -0.049349 51.521168)",,0.0597655,13.54724789
"LINESTRING(-0.049349 51.521168, -0.049421 51.521153)",,0.0597655,13.54724789
"LINESTRING(-0.049421 51.521153, -0.049479 51.52114)",,0.0597655,13.54724789
"LINESTRING(-0.049479 51.52114, -0.049524 51.52113)",04:48,0.0597655,13.54724789
"LINESTRING(-0.049524 51.52113, -0.049574 51.521124)",,0.0597655,13.54724789
"LINESTRING(-0.049574 51.521124, -0.049608 51.521124)",,0.0597655,13.54724789
"LINESTRING(-0.049608 51.521124, -0.049658 51.521128)",,0.0597655,13.54724789
"LINESTRING(-0.049658 51.521128, -0.049684 51.521134)",,0.0597655,13.54724789
"LINESTRING(-0.049684 51.521134, -0.049711 51.521133)",,0.0597655,13.54724789
"LINESTRING(-0.049711 51.521133, -0.049813 51.521112)",,0.0597655,13.54724789
"LINESTRING(-0.049813 51.521112, -0.049948 51.521086)",,0.0597655,13.54724789
"LINESTRING(-0.049948 51.521086, -0.05005 51.521067)",,0.0597655,13.54724789
"LINESTRING(-0.05005 51.521067, -0.05007 51.521057)",,0.0597655,13.54724789
"LINESTRING(-0.05007 51.521057, -0.050088 51.521034)",,0.0597655,13.54724789
"LINESTRING(-0.050088 51.521034, -0.050114 51.521016)",,0.0597655,13.54724789
"LINESTRING(-0.050114 51.521016, -0.050263 51.520974)",05:00,0.0597655,13.54724789
"LINESTRING(-0.050263 51.520974, -0.050309 51.520963)",,0.07776281,14.03328896
"LINESTRING(-0.050309 51.520963, -0.050344 51.520955)",,0.07776281,14.03328896
"LINESTRING(-0.050344 51.520955, -0.051653 51.520657)",,0.07776281,14.03328896
"LINESTRING(-0.051653 51.520657, -0.05212 51.52055)",,0.07776281,14.03328896
"LINESTRING(-0.05212 51.52055, -0.05249 51.520469)",,0.07776281,14.03328896
"LINESTRING(-0.05249 51.520469, -0.052581 51.520451)",,0.07776281,14.03328896
"LINESTRING(-0.052581 51.520451, -0.053007 51.52037)",,0.07776281,14.03328896
"LINESTRING(-0.053007 51.52037, -0.05349 51.52029)",,0.07776281,14.03328896
"LINESTRING(-0.05349 51.52029, -0.053545 51.520282)",,0.07776281,14.03328896
"LINESTRING(-0.053545 51.520282, -0.054002 51.520212)",,0.07776281,14.03328896
"LINESTRING(-0.054002 51.520212, -0.054991 51.520025)",,0.07776281,14.03328896
"LINESTRING(-0.054991 51.520025, -0.055042 51.519996)",06:00,0.07776281,14.03328896
"LINESTRING(-0.055042 51.519996, -0.055116 51.519964)",,0.05027699,10.96145725
"LINESTRING(-0.055116 51.519964, -0.055181 51.51995)",,0.05027699,10.96145725
"LINESTRING(-0.055181 51.51995, -0.055302 51.519926)",,0.05027699,10.96145725
"LINESTRING(-0.055302 51.519926, -0.055547 51.519881)",,0.05027699,10.96145725
"LINESTRING(-0.055547 51.519881, -0.055972 51.5198)",,0.05027699,10.96145725
"LINESTRING(-0.055972 51.5198, -0.055985 51.519798)",,0.05027699,10.96145725
"LINESTRING(-0.055985 51.519798, -0.056042 51.519805)",,0.05027699,10.96145725
"LINESTRING(-0.056042 51.519805, -0.056103 51.519795)",,0.05027699,10.96145725
"LINESTRING(-0.056103 51.519795, -0.056206 51.519792)",,0.05027699,10.96145725
"LINESTRING(-0.056206 51.519792, -0.056307 51.519806)",,0.05027699,10.96145725
"LINESTRING(-0.056307 51.519806, -0.056394 51.519785)",,0.05027699,10.96145725
"LINESTRING(-0.056394 51.519785, -0.056484 51.519762)",,0.05027699,10.96145725
"LINESTRING(-0.056484 51.519762, -0.056553 51.519716)",,0.05027699,10.96145725
"LINESTRING(-0.056553 51.519716, -0.056603 51.519707)",,0.05027699,10.96145725
"LINESTRING(-0.056603 51.519707, -0.056666 51.519697)",,0.05027699,10.96145725
"LINESTRING(-0.056666 51.519697, -0.05755 51.519519)",,0.05027699,10.96145725
"LINESTRING(-0.05755 51.519519, -0.057882 51.519452)",,0.05027699,10.96145725
"LINESTRING(-0.057882 51.519452, -0.059166 51.51919)",,0.05027699,10.96145725
"LINESTRING(-0.059166 51.51919, -0.059369 51.519147)",,0.05027699,10.96145725
"LINESTRING(-0.059369 51.519147, -0.059472 51.519121)",,0.05027699,10.96145725
"LINESTRING(-0.059472 51.519121, -0.059895 51.519027)",07:00,0.05027699,10.96145725
"LINESTRING(-0.059895 51.519027, -0.059978 51.519008)",,0.07287711,13.09965611
"LINESTRING(-0.059978 51.519008, -0.06005 51.518973)",,0.07287711,13.09965611
"LINESTRING(-0.06005 51.518973, -0.060239 51.518931)",,0.07287711,13.09965611
"LINESTRING(-0.060239 51.518931, -0.060375 51.518898)",,0.07287711,13.09965611
"LINESTRING(-0.060375 51.518898, -0.060653 51.518837)",,0.07287711,13.09965611
"LINESTRING(-0.060653 51.518837, -0.060907 51.518779)",,0.07287711,13.09965611
"LINESTRING(-0.060907 51.518779, -0.060965 51.51879)",,0.07287711,13.09965611
"LINESTRING(-0.060965 51.51879, -0.060984 51.518787)",,0.07287711,13.09965611
"LINESTRING(-0.060984 51.518787, -0.061074 51.51877)",,0.07287711,13.09965611
"LINESTRING(-0.061074 51.51877, -0.061148 51.518756)",,0.07287711,13.09965611
"LINESTRING(-0.061148 51.518756, -0.061165 51.518753)",,0.07287711,13.09965611
"LINESTRING(-0.061165 51.518753, -0.06121 51.518714)",,0.07287711,13.09965611
"LINESTRING(-0.06121 51.518714, -0.0615 51.518657)",,0.07287711,13.09965611
"LINESTRING(-0.0615 51.518657, -0.062478 51.518424)",,0.07287711,13.09965611
"LINESTRING(-0.062478 51.518424, -0.06257 51.518419)",,0.07287711,13.09965611
"LINESTRING(-0.06257 51.518419, -0.062632 51.518405)",,0.07287711,13.09965611
"LINESTRING(-0.062632 51.518405, -0.062745 51.518395)",,0.07287711,13.09965611
"LINESTRING(-0.062745 51.518395, -0.062825 51.518396)",,0.07287711,13.09965611
"LINESTRING(-0.062825 51.518396, -0.063006 51.518353)",,0.07287711,13.09965611
"LINESTRING(-0.063006 51.518353, -0.063064 51.51834)",,0.07287711,13.09965611
"LINESTRING(-0.063064 51.51834, -0.063136 51.518332)",,0.07287711,13.09965611
"LINESTRING(-0.063136 51.518332, -0.063272 51.518341)",,0.07287711,13.09965611
"LINESTRING(-0.063272 51.518341, -0.063348 51.518325)",,0.07287711,13.09965611
"LINESTRING(-0.063348 51.518325, -0.063404 51.518309)",,0.07287711,13.09965611
"LINESTRING(-0.063404 51.518309, -0.063835 51.518192)",,0.07287711,13.09965611
"LINESTRING(-0.063835 51.518192, -0.06446 51.51802)",08:00,0.07287711,13.09965611
"LINESTRING(-0.06446 51.51802, -0.064846 51.51792)",,0.08136955,16.13508987
"LINESTRING(-0.064846 51.51792, -0.06498 51.517886)",,0.08136955,16.13508987
"LINESTRING(-0.06498 51.517886, -0.065012 51.517877)",,0.08136955,16.13508987
"LINESTRING(-0.065012 51.517877, -0.065112 51.517847)",,0.08136955,16.13508987
"LINESTRING(-0.065112 51.517847, -0.065242 51.517807)",,0.08136955,16.13508987
"LINESTRING(-0.065242 51.517807, -0.065402 51.517764)",,0.08136955,16.13508987
"LINESTRING(-0.065402 51.517764, -0.065566 51.517712)",,0.08136955,16.13508987
"LINESTRING(-0.065566 51.517712, -0.065662 51.517684)",,0.08136955,16.13508987
"LINESTRING(-0.065662 51.517684, -0.065764 51.517654)",,0.08136955,16.13508987
"LINESTRING(-0.065764 51.517654, -0.06581 51.51764)",,0.08136955,16.13508987
"LINESTRING(-0.06581 51.51764, -0.065913 51.517614)",,0.08136955,16.13508987
"LINESTRING(-0.065913 51.517614, -0.066073 51.517564)",,0.08136955,16.13508987
"LINESTRING(-0.066073 51.517564, -0.066173 51.517529)",,0.08136955,16.13508987
"LINESTRING(-0.066173 51.517529, -0.066701 51.51736)",,0.08136955,16.13508987
"LINESTRING(-0.066701 51.51736, -0.066878 51.517294)",,0.08136955,16.13508987
"LINESTRING(-0.066878 51.517294, -0.066964 51.517261)",,0.08136955,16.13508987
"LINESTRING(-0.066964 51.517261, -0.067113 51.517212)",,0.08136955,16.13508987
"LINESTRING(-0.067113 51.517212, -0.067217 51.517173)",,0.08136955,16.13508987
"LINESTRING(-0.067217 51.517173, -0.067272 51.517149)",,0.08136955,16.13508987
"LINESTRING(-0.067272 51.517149, -0.067348 51.51712)",,0.08136955,16.13508987
"LINESTRING(-0.067348 51.51712, -0.06739 51.517103)",,0.08136955,16.13508987
"LINESTRING(-0.06739 51.517103, -0.067557 51.517037)",,0.08136955,16.13508987
"LINESTRING(-0.067557 51.517037, -0.067737 51.516961)",,0.08136955,16.13508987
"LINESTRING(-0.067737 51.516961, -0.067874 51.516902)",,0.08136955,16.13508987
"LINESTRING(-0.067874 51.516902, -0.068104 51.516797)",,0.08136955,16.13508987
"LINESTRING(-0.068104 51.516797, -0.068149 51.516776)",,0.08136955,16.13508987
"LINESTRING(-0.068149 51.516776, -0.068322 51.516697)",,0.08136955,16.13508987
"LINESTRING(-0.068322 51.516697, -0.068418 51.516653)",,0.08136955,16.13508987
"LINESTRING(-0.068418 51.516653, -0.068485 51.516622)",09:00,0.08136955,16.13508987
"LINESTRING(-0.068485 51.516622, -0.068798 51.516478)",,0.07707505,14.44593048
"LINESTRING(-0.068798 51.516478, -0.069009 51.51638)",,0.07707505,14.44593048
"LINESTRING(-0.069009 51.51638, -0.069213 51.516285)",,0.07707505,14.44593048
"LINESTRING(-0.069213 51.516285, -0.069295 51.51625)",,0.07707505,14.44593048
"LINESTRING(-0.069295 51.51625, -0.069359 51.516223)",,0.07707505,14.44593048
"LINESTRING(-0.069359 51.516223, -0.069396 51.516206)",,0.07707505,14.44593048
"LINESTRING(-0.069396 51.516206, -0.069488 51.516163)",,0.07707505,14.44593048
"LINESTRING(-0.069488 51.516163, -0.06958 51.516123)",,0.07707505,14.44593048
"LINESTRING(-0.06958 51.516123, -0.06964 51.516096)",,0.07707505,14.44593048
"LINESTRING(-0.06964 51.516096, -0.069668 51.516038)",,0.07707505,14.44593048
"LINESTRING(-0.069668 51.516038, -0.069731 51.516009)",,0.07707505,14.44593048
"LINESTRING(-0.069731 51.516009, -0.069777 51.515984)",,0.07707505,14.44593048
"LINESTRING(-0.069777 51.515984, -0.069916 51.515919)",,0.07707505,14.44593048
"LINESTRING(-0.069916 51.515919, -0.070038 51.5159)",,0.07707505,14.44593048
"LINESTRING(-0.070038 51.5159, -0.0701 51.515874)",,0.07707505,14.44593048
"LINESTRING(-0.0701 51.515874, -0.070255 51.515809)",,0.07707505,14.44593048
"LINESTRING(-0.070255 51.515809, -0.070262 51.515741)",,0.07707505,14.44593048
"LINESTRING(-0.070262 51.515741, -0.070307 51.515722)",,0.07707505,14.44593048
"LINESTRING(-0.070307 51.515722, -0.0704 51.515682)",,0.07707505,14.44593048
"LINESTRING(-0.0704 51.515682, -0.070409 51.515678)",,0.07707505,14.44593048
"LINESTRING(-0.070409 51.515678, -0.070409 51.515678)",,0.07707505,14.44593048
"LINESTRING(-0.070409 51.515678, -0.070458 51.515659)",,0.07707505,14.44593048
"LINESTRING(-0.070458 51.515659, -0.070482 51.51565)",,0.07707505,14.44593048
"LINESTRING(-0.070482 51.51565, -0.070636 51.515597)",,0.07707505,14.44593048
"LINESTRING(-0.070636 51.515597, -0.07092 51.515495)",,0.07707505,14.44593048
"LINESTRING(-0.07092 51.515495, -0.07101 51.515468)",,0.07707505,14.44593048
"LINESTRING(-0.07101 51.515468, -0.071509 51.515282)",,0.07707505,14.44593048
"LINESTRING(-0.071509 51.515282, -0.071575 51.515258)",,0.07707505,14.44593048
"LINESTRING(-0.071575 51.515258, -0.071737 51.515204)",,0.07707505,14.44593048
"LINESTRING(-0.071737 51.515204, -0.071817 51.515175)",,0.07707505,14.44593048
"LINESTRING(-0.071817 51.515175, -0.071966 51.515116)",,0.07707505,14.44593048
"LINESTRING(-0.071966 51.515116, -0.072028 51.515098)",,0.07707505,14.44593048
"LINESTRING(-0.072028 51.515098, -0.072048 51.515092)",,0.07707505,14.44593048
"LINESTRING(-0.072048 51.515092, -0.072118 51.515071)",,0.07707505,14.44593048
"LINESTRING(-0.072118 51.515071, -0.072144 51.515039)",,0.07707505,14.44593048
"LINESTRING(-0.072144 51.515039, -0.072574 51.514895)",10:00,0.07707505,14.44593048
"LINESTRING(-0.072574 51.514895, -0.072848 51.514797)",,0.1002791,16.30848885
"LINESTRING(-0.072848 51.514797, -0.073166 51.514653)",,0.1002791,16.30848885
"LINESTRING(-0.073166 51.514653, -0.073227 51.514634)",,0.1002791,16.30848885
"LINESTRING(-0.073227 51.514634, -0.073371 51.514676)",,0.1002791,16.30848885
"LINESTRING(-0.073371 51.514676, -0.073464 51.514636)",,0.1002791,16.30848885
"LINESTRING(-0.073464 51.514636, -0.073596 51.514584)",,0.1002791,16.30848885
"LINESTRING(-0.073596 51.514584, -0.073595 51.514578)",,0.1002791,16.30848885
"LINESTRING(-0.073595 51.514578, -0.073595 51.514572)",,0.1002791,16.30848885
"LINESTRING(-0.073595 51.514572, -0.073596 51.514565)",,0.1002791,16.30848885
"LINESTRING(-0.073596 51.514565, -0.073597 51.514558)",,0.1002791,16.30848885
"LINESTRING(-0.073597 51.514558, -0.073602 51.514546)",,0.1002791,16.30848885
"LINESTRING(-0.073602 51.514546, -0.073605 51.51454)",,0.1002791,16.30848885
"LINESTRING(-0.073605 51.51454, -0.073611 51.514535)",,0.1002791,16.30848885
"LINESTRING(-0.073611 51.514535, -0.073649 51.514516)",,0.1002791,16.30848885
"LINESTRING(-0.073649 51.514516, -0.07367 51.514509)",,0.1002791,16.30848885
"LINESTRING(-0.07367 51.514509, -0.073702 51.514498)",,0.1002791,16.30848885
"LINESTRING(-0.073702 51.514498, -0.07383 51.514459)",,0.1002791,16.30848885
"LINESTRING(-0.07383 51.514459, -0.073838 51.514458)",,0.1002791,16.30848885
"LINESTRING(-0.073838 51.514458, -0.073847 51.514459)",,0.1002791,16.30848885
"LINESTRING(-0.073847 51.514459, -0.073861 51.51446)",,0.1002791,16.30848885
"LINESTRING(-0.073861 51.51446, -0.07392 51.514471)",,0.1002791,16.30848885
"LINESTRING(-0.07392 51.514471, -0.073958 51.514478)",,0.1002791,16.30848885
"LINESTRING(-0.073958 51.514478, -0.073966 51.514479)",,0.1002791,16.30848885
"LINESTRING(-0.073966 51.514479, -0.073974 51.514481)",,0.1002791,16.30848885
"LINESTRING(-0.073974 51.514481, -0.073988 51.514485)",,0.1002791,16.30848885
"LINESTRING(-0.073988 51.514485, -0.074193 51.514424)",,0.1002791,16.30848885
"LINESTRING(-0.074193 51.514424, -0.074239 51.514408)",,0.1002791,16.30848885
"LINESTRING(-0.074239 51.514408, -0.074308 51.514387)",,0.1002791,16.30848885
"LINESTRING(-0.074308 51.514387, -0.074343 51.514375)",,0.1002791,16.30848885
"LINESTRING(-0.074343 51.514375, -0.07444 51.514343)",,0.1002791,16.30848885
"LINESTRING(-0.07444 51.514343, -0.074572 51.514296)",,0.1002791,16.30848885
"LINESTRING(-0.074572 51.514296, -0.074754 51.514231)",,0.1002791,16.30848885
"LINESTRING(-0.074754 51.514231, -0.074827 51.514204)",,0.1002791,16.30848885
"LINESTRING(-0.074827 51.514204, -0.074922 51.514176)",,0.1002791,16.30848885
"LINESTRING(-0.074922 51.514176, -0.075152 51.514087)",,0.1002791,16.30848885
"LINESTRING(-0.075152 51.514087, -0.075214 51.514062)",,0.1002791,16.30848885
"LINESTRING(-0.075214 51.514062, -0.075242 51.514049)",,0.1002791,16.30848885
"LINESTRING(-0.075242 51.514049, -0.075298 51.514028)",,0.1002791,16.30848885
"LINESTRING(-0.075298 51.514028, -0.075406 51.513994)",,0.1002791,16.30848885
"LINESTRING(-0.075406 51.513994, -0.075463 51.513976)",,0.1002791,16.30848885
"LINESTRING(-0.075463 51.513976, -0.075528 51.513954)",,0.1002791,16.30848885
"LINESTRING(-0.075528 51.513954, -0.075774 51.513868)",,0.1002791,16.30848885
"LINESTRING(-0.075774 51.513868, -0.076106 51.513759)",11:00,0.1002791,16.30848885
"LINESTRING(-0.076106 51.513759, -0.076376 51.513678)",,0.09928867,17.4514122
"LINESTRING(-0.076376 51.513678, -0.076449 51.513655)",,0.09928867,17.4514122
"LINESTRING(-0.076449 51.513655, -0.076522 51.513631)",,0.09928867,17.4514122
"LINESTRING(-0.076522 51.513631, -0.076587 51.513612)",,0.09928867,17.4514122
"LINESTRING(-0.076587 51.513612, -0.076661 51.513588)",,0.09928867,17.4514122
"LINESTRING(-0.076661 51.513588, -0.076713 51.513573)",,0.09928867,17.4514122
"LINESTRING(-0.076713 51.513573, -0.076747 51.513539)",,0.09928867,17.4514122
"LINESTRING(-0.076747 51.513539, -0.076777 51.513528)",,0.09928867,17.4514122
"LINESTRING(-0.076777 51.513528, -0.07685 51.513505)",,0.09928867,17.4514122
"LINESTRING(-0.07685 51.513505, -0.076911 51.513489)",,0.09928867,17.4514122
"LINESTRING(-0.076911 51.513489, -0.076968 51.51347)",,0.09928867,17.4514122
"LINESTRING(-0.076968 51.51347, -0.077058 51.513428)",,0.09928867,17.4514122
"LINESTRING(-0.077058 51.513428, -0.0771 51.513408)",,0.09928867,17.4514122
"LINESTRING(-0.0771 51.513408, -0.077181 51.513375)",,0.09928867,17.4514122
"LINESTRING(-0.077181 51.513375, -0.077456 51.513276)",,0.09928867,17.4514122
"LINESTRING(-0.077456 51.513276, -0.077473 51.51327)",,0.09928867,17.4514122
"LINESTRING(-0.077473 51.51327, -0.077553 51.513246)",,0.09928867,17.4514122
"LINESTRING(-0.077553 51.513246, -0.077566 51.513243)",,0.09928867,17.4514122
"LINESTRING(-0.077566 51.513243, -0.077566 51.513243)",,0.09928867,17.4514122
"LINESTRING(-0.077566 51.513243, -0.077635 51.513227)",,0.09928867,17.4514122
"LINESTRING(-0.077635 51.513227, -0.077722 51.513203)",,0.09928867,17.4514122
"LINESTRING(-0.077722 51.513203, -0.077765 51.513138)",,0.09928867,17.4514122
"LINESTRING(-0.077765 51.513138, -0.077797 51.513111)",,0.09928867,17.4514122
"LINESTRING(-0.077797 51.513111, -0.077849 51.513084)",,0.09928867,17.4514122
"LINESTRING(-0.077849 51.513084, -0.077899 51.513057)",,0.09928867,17.4514122
"LINESTRING(-0.077899 51.513057, -0.078111 51.512945)",,0.09928867,17.4514122
"LINESTRING(-0.078111 51.512945, -0.078321 51.512833)",,0.09928867,17.4514122
"LINESTRING(-0.078321 51.512833, -0.078439 51.512772)",,0.09928867,17.4514122
"LINESTRING(-0.078439 51.512772, -0.078655 51.51267)",,0.09928867,17.4514122
"LINESTRING(-0.078655 51.51267, -0.078857 51.51257)",,0.09928867,17.4514122
"LINESTRING(-0.078857 51.51257, -0.078857 51.51257)",,0.09928867,17.4514122
"LINESTRING(-0.078857 51.51257, -0.079117 51.512442)",,0.09928867,17.4514122
"LINESTRING(-0.079117 51.512442, -0.079225 51.512394)",,0.09928867,17.4514122
"LINESTRING(-0.079225 51.512394, -0.079345 51.512338)",,0.09928867,17.4514122
"LINESTRING(-0.079345 51.512338, -0.079534 51.512279)",,0.09928867,17.4514122
"LINESTRING(-0.079534 51.512279, -0.079681 51.512234)",,0.09928867,17.4514122
"LINESTRING(-0.079681 51.512234, -0.079916 51.512166)",,0.09928867,17.4514122
"LINESTRING(-0.079916 51.512166, -0.079979 51.51215)",,0.09928867,17.4514122
"LINESTRING(-0.079979 51.51215, -0.080051 51.512132)",12:00,0.09928867,17.4514122
"LINESTRING(-0.080051 51.512132, -0.08013 51.512113)",,0.08118173,16.05592918
"LINESTRING(-0.08013 51.512113, -0.080209 51.512092)",,0.08118173,16.05592918
"LINESTRING(-0.080209 51.512092, -0.080385 51.512052)",,0.08118173,16.05592918
"LINESTRING(-0.080385 51.512052, -0.080811 51.511915)",,0.08118173,16.05592918
"LINESTRING(-0.080811 51.511915, -0.080832 51.511909)",,0.08118173,16.05592918
"LINESTRING(-0.080832 51.511909, -0.081246 51.511799)",,0.08118173,16.05592918
"LINESTRING(-0.081246 51.511799, -0.081575 51.511721)",,0.08118173,16.05592918
"LINESTRING(-0.081575 51.511721, -0.081843 51.511662)",,0.08118173,16.05592918
"LINESTRING(-0.081843 51.511662, -0.082109 51.511612)",,0.08118173,16.05592918
"LINESTRING(-0.082109 51.511612, -0.082316 51.511585)",,0.08118173,16.05592918
"LINESTRING(-0.082316 51.511585, -0.082506 51.511573)",,0.08118173,16.05592918
"LINESTRING(-0.082506 51.511573, -0.082679 51.511571)",,0.08118173,16.05592918
"LINESTRING(-0.082679 51.511571, -0.083 51.511576)",,0.08118173,16.05592918
"LINESTRING(-0.083 51.511576, -0.083049 51.511246)",,0.08118173,16.05592918
"LINESTRING(-0.083049 51.511246, -0.083066 51.511117)",,0.08118173,16.05592918
"LINESTRING(-0.083066 51.511117, -0.083066 51.511117)",,0.08118173,16.05592918
"LINESTRING(-0.083066 51.511117, -0.083068 51.511102)",,0.08118173,16.05592918
"LINESTRING(-0.083068 51.511102, -0.083079 51.511039)",,0.08118173,16.05592918
"LINESTRING(-0.083079 51.511039, -0.083106 51.510945)",,0.08118173,16.05592918
"LINESTRING(-0.083106 51.510945, -0.083193 51.51066)",,0.08118173,16.05592918
"LINESTRING(-0.083193 51.51066, -0.083213 51.510594)",13:00,0.08118173,16.05592918
"LINESTRING(-0.083213 51.510594, -0.083241 51.510517)",,0.08473124,16.49283791
"LINESTRING(-0.083241 51.510517, -0.083358 51.510204)",,0.08473124,16.49283791
"LINESTRING(-0.083358 51.510204, -0.083489 51.509895)",,0.08473124,16.49283791
"LINESTRING(-0.083489 51.509895, -0.083564 51.509746)",,0.08473124,16.49283791
"LINESTRING(-0.083564 51.509746, -0.083762 51.509428)",,0.08473124,16.49283791
"LINESTRING(-0.083762 51.509428, -0.083762 51.509428)",,0.08473124,16.49283791
"LINESTRING(-0.083762 51.509428, -0.083804 51.509361)",,0.08473124,16.49283791
"LINESTRING(-0.083804 51.509361, -0.083811 51.50935)",,0.08473124,16.49283791
"LINESTRING(-0.083811 51.50935, -0.083821 51.509317)",,0.08473124,16.49283791
"LINESTRING(-0.083821 51.509317, -0.084298 51.509377)",,0.08473124,16.49283791
"LINESTRING(-0.084298 51.509377, -0.085298 51.509504)",,0.08473124,16.49283791
"LINESTRING(-0.085298 51.509504, -0.08607 51.509609)",14:00,0.08473124,16.49283791
"LINESTRING(-0.08607 51.509609, -0.08607 51.509609)",,0.13043866,17.5093708
"LINESTRING(-0.08607 51.509609, -0.08613 51.509617)",,0.13043866,17.5093708
"LINESTRING(-0.08613 51.509617, -0.086182 51.509624)",,0.13043866,17.5093708
"LINESTRING(-0.086182 51.509624, -0.086237 51.50963)",,0.13043866,17.5093708
"LINESTRING(-0.086237 51.50963, -0.086371 51.509654)",,0.13043866,17.5093708
"LINESTRING(-0.086371 51.509654, -0.08665 51.509687)",,0.13043866,17.5093708
"LINESTRING(-0.08665 51.509687, -0.086814 51.50971)",,0.13043866,17.5093708
"LINESTRING(-0.086814 51.50971, -0.087067 51.509746)",,0.13043866,17.5093708
"LINESTRING(-0.087067 51.509746, -0.087294 51.509778)",,0.13043866,17.5093708
"LINESTRING(-0.087294 51.509778, -0.087401 51.509793)",,0.13043866,17.5093708
"LINESTRING(-0.087401 51.509793, -0.087987 51.509877)",,0.13043866,17.5093708
"LINESTRING(-0.087987 51.509877, -0.088117 51.509897)",,0.13043866,17.5093708
"LINESTRING(-0.088117 51.509897, -0.088126 51.509899)",,0.13043866,17.5093708
"LINESTRING(-0.088126 51.509899, -0.088244 51.509918)",,0.13043866,17.5093708
"LINESTRING(-0.088244 51.509918, -0.088352 51.509937)",,0.13043866,17.5093708
"LINESTRING(-0.088352 51.509937, -0.088403 51.509948)",,0.13043866,17.5093708
"LINESTRING(-0.088403 51.509948, -0.088453 51.509958)",,0.13043866,17.5093708
"LINESTRING(-0.088453 51.509958, -0.08846 51.50996)",,0.13043866,17.5093708
"LINESTRING(-0.08846 51.50996, -0.088665 51.510011)",,0.13043866,17.5093708
"LINESTRING(-0.088665 51.510011, -0.088838 51.510059)",,0.13043866,17.5093708
"LINESTRING(-0.088838 51.510059, -0.089097 51.510134)",,0.13043866,17.5093708
"LINESTRING(-0.089097 51.510134, -0.089494 51.510249)",,0.13043866,17.5093708
"LINESTRING(-0.089494 51.510249, -0.089555 51.510265)",,0.13043866,17.5093708
"LINESTRING(-0.089555 51.510265, -0.089614 51.510281)",,0.13043866,17.5093708
"LINESTRING(-0.089614 51.510281, -0.089687 51.510303)",,0.13043866,17.5093708
"LINESTRING(-0.089687 51.510303, -0.089908 51.510369)",,0.13043866,17.5093708
"LINESTRING(-0.089908 51.510369, -0.090186 51.510426)",15:00,0.13043866,17.5093708
"LINESTRING(-0.090186 51.510426, -0.090253 51.510435)",,0.11316369,16.75387001
"LINESTRING(-0.090253 51.510435, -0.091 51.510544)",,0.11316369,16.75387001
"LINESTRING(-0.091 51.510544, -0.091118 51.510565)",,0.11316369,16.75387001
"LINESTRING(-0.091118 51.510565, -0.091199 51.510581)",,0.11316369,16.75387001
"LINESTRING(-0.091199 51.510581, -0.092002 51.510737)",,0.11316369,16.75387001
"LINESTRING(-0.092002 51.510737, -0.092262 51.510785)",,0.11316369,16.75387001
"LINESTRING(-0.092262 51.510785, -0.092407 51.510813)",,0.11316369,16.75387001
"LINESTRING(-0.092407 51.510813, -0.092523 51.510836)",,0.11316369,16.75387001
"LINESTRING(-0.092523 51.510836, -0.092638 51.510859)",,0.11316369,16.75387001
"LINESTRING(-0.092638 51.510859, -0.092689 51.510869)",,0.11316369,16.75387001
"LINESTRING(-0.092689 51.510869, -0.092722 51.510875)",,0.11316369,16.75387001
"LINESTRING(-0.092722 51.510875, -0.093009 51.510929)",,0.11316369,16.75387001
"LINESTRING(-0.093009 51.510929, -0.093174 51.510958)",,0.11316369,16.75387001
"LINESTRING(-0.093174 51.510958, -0.093223 51.510964)",,0.11316369,16.75387001
"LINESTRING(-0.093223 51.510964, -0.09327 51.51097)",,0.11316369,16.75387001
"LINESTRING(-0.09327 51.51097, -0.093433 51.510989)",,0.11316369,16.75387001
"LINESTRING(-0.093433 51.510989, -0.094107 51.511071)",,0.11316369,16.75387001
"LINESTRING(-0.094107 51.511071, -0.094561 51.511128)",,0.11316369,16.75387001
"LINESTRING(-0.094561 51.511128, -0.095044 51.51119)",,0.11316369,16.75387001
"LINESTRING(-0.095044 51.51119, -0.095312 51.511224)",16:00,0.11316369,16.75387001
"LINESTRING(-0.095312 51.511224, -0.095548 51.511245)",,0.06684658,14.06178665
"LINESTRING(-0.095548 51.511245, -0.095882 51.511268)",,0.06684658,14.06178665
"LINESTRING(-0.095882 51.511268, -0.09594 51.511272)",,0.06684658,14.06178665
"LINESTRING(-0.09594 51.511272, -0.095991 51.51125)",,0.06684658,14.06178665
"LINESTRING(-0.095991 51.51125, -0.096022 51.51124)",,0.06684658,14.06178665
"LINESTRING(-0.096022 51.51124, -0.09613 51.511228)",,0.06684658,14.06178665
"LINESTRING(-0.09613 51.511228, -0.096848 51.511243)",,0.06684658,14.06178665
"LINESTRING(-0.096848 51.511243, -0.098717 51.511276)",,0.06684658,14.06178665
"LINESTRING(-0.098717 51.511276, -0.09996 51.511263)",,0.06684658,14.06178665
"LINESTRING(-0.09996 51.511263, -0.100614 51.511258)",,0.06684658,14.06178665
"LINESTRING(-0.100614 51.511258, -0.101439 51.51117)",17:00,0.06684658,14.06178665
"LINESTRING(-0.101439 51.51117, -0.101545 51.511169)",,0.09774104,15.12367153
"LINESTRING(-0.101545 51.511169, -0.101614 51.511173)",,0.09774104,15.12367153
"LINESTRING(-0.101614 51.511173, -0.101645 51.51117)",,0.09774104,15.12367153
"LINESTRING(-0.101645 51.51117, -0.101974 51.511135)",,0.09774104,15.12367153
"LINESTRING(-0.101974 51.511135, -0.10226 51.511109)",,0.09774104,15.12367153
"LINESTRING(-0.10226 51.511109, -0.102375 51.511099)",,0.09774104,15.12367153
"LINESTRING(-0.102375 51.511099, -0.102558 51.511084)",,0.09774104,15.12367153
"LINESTRING(-0.102558 51.511084, -0.10288 51.511059)",,0.09774104,15.12367153
"LINESTRING(-0.10288 51.511059, -0.103504 51.511061)",,0.09774104,15.12367153
"LINESTRING(-0.103504 51.511061, -0.104093 51.511067)",,0.09774104,15.12367153
"LINESTRING(-0.104093 51.511067, -0.105035 51.511074)",,0.09774104,15.12367153
"LINESTRING(-0.105035 51.511074, -0.106075 51.511076)",18:00,0.09774104,15.12367153
"LINESTRING(-0.106075 51.511076, -0.106919 51.511084)",,0.07311353,11.34562111
"LINESTRING(-0.106919 51.511084, -0.107082 51.511086)",,0.07311353,11.34562111
"LINESTRING(-0.107082 51.511086, -0.107136 51.511086)",,0.07311353,11.34562111
"LINESTRING(-0.107136 51.511086, -0.10729 51.511099)",,0.07311353,11.34562111
"LINESTRING(-0.10729 51.511099, -0.107471 51.511116)",,0.07311353,11.34562111
"LINESTRING(-0.107471 51.511116, -0.107611 51.511129)",,0.07311353,11.34562111
"LINESTRING(-0.107611 51.511129, -0.107892 51.511142)",,0.07311353,11.34562111
"LINESTRING(-0.107892 51.511142, -0.107957 51.51114)",,0.07311353,11.34562111
"LINESTRING(-0.107957 51.51114, -0.107999 51.511123)",,0.07311353,11.34562111
"LINESTRING(-0.107999 51.511123, -0.108 51.511113)",,0.07311353,11.34562111
"LINESTRING(-0.108 51.511113, -0.108 51.511104)",,0.07311353,11.34562111
"LINESTRING(-0.108 51.511104, -0.107998 51.511049)",,0.07311353,11.34562111
"LINESTRING(-0.107998 51.511049, -0.107997 51.510991)",,0.07311353,11.34562111
"LINESTRING(-0.107997 51.510991, -0.107996 51.510979)",,0.07311353,11.34562111
"LINESTRING(-0.107996 51.510979, -0.108008 51.51095)",,0.07311353,11.34562111
"LINESTRING(-0.108008 51.51095, -0.108251 51.510952)",,0.07311353,11.34562111
"LINESTRING(-0.108251 51.510952, -0.108292 51.510953)",,0.07311353,11.34562111
"LINESTRING(-0.108292 51.510953, -0.108327 51.510953)",,0.07311353,11.34562111
"LINESTRING(-0.108327 51.510953, -0.108453 51.510955)",,0.07311353,11.34562111
"LINESTRING(-0.108453 51.510955, -0.110174 51.510963)",,0.07311353,11.34562111
"LINESTRING(-0.110174 51.510963, -0.111176 51.510968)",19:00,0.07311353,11.34562111
"LINESTRING(-0.111176 51.510968, -0.111653 51.510953)",,0.08058077,12.29041672
"LINESTRING(-0.111653 51.510953, -0.111983 51.510943)",,0.08058077,12.29041672
"LINESTRING(-0.111983 51.510943, -0.112312 51.51092)",,0.08058077,12.29041672
"LINESTRING(-0.112312 51.51092, -0.112566 51.5109)",,0.08058077,12.29041672
"LINESTRING(-0.112566 51.5109, -0.112863 51.510874)",,0.08058077,12.29041672
"LINESTRING(-0.112863 51.510874, -0.113252 51.510837)",,0.08058077,12.29041672
"LINESTRING(-0.113252 51.510837, -0.113349 51.510826)",,0.08058077,12.29041672
"LINESTRING(-0.113349 51.510826, -0.113368 51.510824)",,0.08058077,12.29041672
"LINESTRING(-0.113368 51.510824, -0.113736 51.510783)",,0.08058077,12.29041672
"LINESTRING(-0.113736 51.510783, -0.114144 51.510729)",,0.08058077,12.29041672
"LINESTRING(-0.114144 51.510729, -0.114414 51.510692)",,0.08058077,12.29041672
"LINESTRING(-0.114414 51.510692, -0.1147 51.510647)",,0.08058077,12.29041672
"LINESTRING(-0.1147 51.510647, -0.11529 51.510541)",20:00,0.08058077,12.29041672
"LINESTRING(-0.11529 51.510541, -0.115441 51.51051)",,0.08547183,13.17158222
"LINESTRING(-0.115441 51.51051, -0.115488 51.510501)",,0.08547183,13.17158222
"LINESTRING(-0.115488 51.510501, -0.115543 51.51049)",,0.08547183,13.17158222
"LINESTRING(-0.115543 51.51049, -0.116112 51.510374)",,0.08547183,13.17158222
"LINESTRING(-0.116112 51.510374, -0.116548 51.510286)",,0.08547183,13.17158222
"LINESTRING(-0.116548 51.510286, -0.116936 51.510175)",,0.08547183,13.17158222
"LINESTRING(-0.116936 51.510175, -0.11736 51.510045)",,0.08547183,13.17158222
"LINESTRING(-0.11736 51.510045, -0.117435 51.510021)",,0.08547183,13.17158222
"LINESTRING(-0.117435 51.510021, -0.11777 51.509918)",,0.08547183,13.17158222
"LINESTRING(-0.11777 51.509918, -0.11823 51.509772)",,0.08547183,13.17158222
"LINESTRING(-0.11823 51.509772, -0.118496 51.509683)",,0.08547183,13.17158222
"LINESTRING(-0.118496 51.509683, -0.118649 51.509622)",,0.08547183,13.17158222
"LINESTRING(-0.118649 51.509622, -0.118826 51.509543)",,0.08547183,13.17158222
"LINESTRING(-0.118826 51.509543, -0.118892 51.509512)",,0.08547183,13.17158222
"LINESTRING(-0.118892 51.509512, -0.118921 51.509501)",,0.08547183,13.17158222
"LINESTRING(-0.118921 51.509501, -0.118943 51.509489)",,0.08547183,13.17158222
"LINESTRING(-0.118943 51.509489, -0.119013 51.509457)",,0.08547183,13.17158222
"LINESTRING(-0.119013 51.509457, -0.119303 51.509311)",21:00,0.08547183,13.17158222
"LINESTRING(-0.119303 51.509311, -0.119626 51.509115)",,0.06252289,11.3921299
"LINESTRING(-0.119626 51.509115, -0.119812 51.509007)",,0.06252289,11.3921299
"LINESTRING(-0.119812 51.509007, -0.119852 51.50898)",,0.06252289,11.3921299
"LINESTRING(-0.119852 51.50898, -0.119874 51.508968)",,0.06252289,11.3921299
"LINESTRING(-0.119874 51.508968, -0.120005 51.508888)",,0.06252289,11.3921299
"LINESTRING(-0.120005 51.508888, -0.120229 51.508751)",,0.06252289,11.3921299
"LINESTRING(-0.120229 51.508751, -0.120421 51.508611)",,0.06252289,11.3921299
"LINESTRING(-0.120421 51.508611, -0.120608 51.508455)",,0.06252289,11.3921299
"LINESTRING(-0.120608 51.508455, -0.120784 51.508285)",,0.06252289,11.3921299
"LINESTRING(-0.120784 51.508285, -0.120903 51.508165)",,0.06252289,11.3921299
"LINESTRING(-0.120903 51.508165, -0.121025 51.508029)",,0.06252289,11.3921299
"LINESTRING(-0.121025 51.508029, -0.121145 51.50788)",,0.06252289,11.3921299
"LINESTRING(-0.121145 51.50788, -0.121353 51.507629)",,0.06252289,11.3921299
"LINESTRING(-0.121353 51.507629, -0.121565 51.507353)",,0.06252289,11.3921299
"LINESTRING(-0.121565 51.507353, -0.121652 51.50724)",,0.06252289,11.3921299
"LINESTRING(-0.121652 51.50724, -0.121671 51.50722)",,0.06252289,11.3921299
"LINESTRING(-0.121671 51.50722, -0.121691 51.507196)",,0.06252289,11.3921299
"LINESTRING(-0.121691 51.507196, -0.121779 51.507098)",,0.06252289,11.3921299
"LINESTRING(-0.121779 51.507098, -0.121935 51.50691)",,0.06252289,11.3921299
"LINESTRING(-0.121935 51.50691, -0.122144 51.50665)",22:00,0.06252289,11.3921299
"LINESTRING(-0.122144 51.50665, -0.122267 51.506484)",,0.07866427,11.50242138
"LINESTRING(-0.122267 51.506484, -0.122305 51.506423)",,0.07866427,11.50242138
"LINESTRING(-0.122305 51.506423, -0.122377 51.506323)",,0.07866427,11.50242138
"LINESTRING(-0.122377 51.506323, -0.122399 51.506285)",,0.07866427,11.50242138
"LINESTRING(-0.122399 51.506285, -0.122418 51.506261)",,0.07866427,11.50242138
"LINESTRING(-0.122418 51.506261, -0.122464 51.506173)",,0.07866427,11.50242138
"LINESTRING(-0.122464 51.506173, -0.122674 51.505748)",,0.07866427,11.50242138
"LINESTRING(-0.122674 51.505748, -0.122877 51.50527)",,0.07866427,11.50242138
"LINESTRING(-0.122877 51.50527, -0.122981 51.504895)",,0.07866427,11.50242138
"LINESTRING(-0.122981 51.504895, -0.12301 51.504855)",,0.07866427,11.50242138
"LINESTRING(-0.12301 51.504855, -0.123068 51.504649)",,0.07866427,11.50242138
"LINESTRING(-0.123068 51.504649, -0.123078 51.504615)",,0.07866427,11.50242138
"LINESTRING(-0.123078 51.504615, -0.123113 51.504469)",,0.07866427,11.50242138
"LINESTRING(-0.123113 51.504469, -0.12312 51.50445)",,0.07866427,11.50242138
"LINESTRING(-0.12312 51.50445, -0.123127 51.504433)",,0.07866427,11.50242138
"LINESTRING(-0.123127 51.504433, -0.123261 51.50405)",,0.07866427,11.50242138
"LINESTRING(-0.123261 51.50405, -0.123424 51.503472)",23:00,0.07866427,11.50242138
"LINESTRING(-0.123424 51.503472, -0.123424 51.503472)",,0.05712242,9.59702301
"LINESTRING(-0.123424 51.503472, -0.123485 51.503257)",,0.05712242,9.59702301
"LINESTRING(-0.123485 51.503257, -0.123509 51.503162)",,0.05712242,9.59702301
"LINESTRING(-0.123509 51.503162, -0.12361 51.502761)",,0.05712242,9.59702301
"LINESTRING(-0.12361 51.502761, -0.123784 51.502091)",,0.05712242,9.59702301
"LINESTRING(-0.123784 51.502091, -0.123821 51.501931)",,0.05712242,9.59702301
"LINESTRING(-0.123821 51.501931, -0.123872 51.501447)",,0.05712242,9.59702301
"LINESTRING(-0.123872 51.501447, -0.123919 51.50116)",,0.05712242,9.59702301
"LINESTRING(-0.123919 51.50116, -0.123935 51.501078)",24:00,0.05712242,9.59702301
"LINESTRING(-0.123935 51.501078, -0.123959 51.500926)",,0.07548236,13.19146538
"LINESTRING(-0.123959 51.500926, -0.123964 51.500863)",,0.07548236,13.19146538
"LINESTRING(-0.123964 51.500863, -0.124028 51.500866)",,0.07548236,13.19146538
"LINESTRING(-0.124028 51.500866, -0.124198 51.500872)",,0.07548236,13.19146538
"LINESTRING(-0.124198 51.500872, -0.124526 51.500899)",,0.07548236,13.19146538
"LINESTRING(-0.124526 51.500899, -0.124629 51.500903)",,0.07548236,13.19146538
"LINESTRING(-0.124629 51.500903, -0.124845 51.500905)",,0.07548236,13.19146538
"LINESTRING(-0.124845 51.500905, -0.125177 51.500895)",,0.07548236,13.19146538
"LINESTRING(-0.125177 51.500895, -0.125563 51.500899)",,0.07548236,13.19146538
"LINESTRING(-0.125563 51.500899, -0.125749 51.500904)",,0.07548236,13.19146538
"LINESTRING(-0.125749 51.500904, -0.12586 51.500912)",,0.07548236,13.19146538
"LINESTRING(-0.12586 51.500912, -0.126146 51.500911)",,0.07548236,13.19146538
"LINESTRING(-0.126146 51.500911, -0.126325 51.500931)",,0.07548236,13.19146538
"LINESTRING(-0.126325 51.500931, -0.126405 51.50094)",,0.07548236,13.19146538
"LINESTRING(-0.126405 51.50094, -0.127088 51.500978)",,0.07548236,13.19146538
"LINESTRING(-0.127088 51.500978, -0.127116 51.500979)",,0.07548236,13.19146538
"LINESTRING(-0.127116 51.500979, -0.127228 51.501051)",,0.07548236,13.19146538
"LINESTRING(-0.127228 51.501051, -0.127308 51.501103)",25:00,0.07548236,13.19146538
"LINESTRING(-0.127308 51.501103, -0.127376 51.501143)",,0.06274815,11.55488968
"LINESTRING(-0.127376 51.501143, -0.127449 51.501151)",,0.06274815,11.55488968
"LINESTRING(-0.127449 51.501151, -0.127485 51.501158)",,0.06274815,11.55488968
"LINESTRING(-0.127485 51.501158, -0.127512 51.501163)",,0.06274815,11.55488968
"LINESTRING(-0.127512 51.501163, -0.127865 51.501188)",,0.06274815,11.55488968
"LINESTRING(-0.127865 51.501188, -0.128319 51.501212)",,0.06274815,11.55488968
"LINESTRING(-0.128319 51.501212, -0.129447 51.501306)",,0.06274815,11.55488968
"LINESTRING(-0.129447 51.501306, -0.129492 51.501309)",,0.06274815,11.55488968
"LINESTRING(-0.129492 51.501309, -0.129589 51.501305)",,0.06274815,11.55488968
"LINESTRING(-0.129589 51.501305, -0.129619 51.501306)",,0.06274815,11.55488968
"LINESTRING(-0.129619 51.501306, -0.129696 51.50132)",,0.06274815,11.55488968
"LINESTRING(-0.129696 51.50132, -0.1298 51.50133)",,0.06274815,11.55488968
"LINESTRING(-0.1298 51.50133, -0.129847 51.501335)",,0.06274815,11.55488968
"LINESTRING(-0.129847 51.501335, -0.129908 51.501341)",,0.06274815,11.55488968
"LINESTRING(-0.129908 51.501341, -0.130045 51.50134)",,0.06274815,11.55488968
"LINESTRING(-0.130045 51.50134, -0.130106 51.501337)",,0.06274815,11.55488968
"LINESTRING(-0.130106 51.501337, -0.130163 51.501337)",,0.06274815,11.55488968
"LINESTRING(-0.130163 51.501337, -0.130301 51.501334)",,0.06274815,11.55488968
"LINESTRING(-0.130301 51.501334, -0.130723 51.50131)",,0.06274815,11.55488968
"LINESTRING(-0.130723 51.50131, -0.131731 51.501206)",,0.06274815,11.55488968
"LINESTRING(-0.131731 51.501206, -0.131781 51.5012)",,0.06274815,11.55488968
"LINESTRING(-0.131781 51.5012, -0.131928 51.501185)",,0.06274815,11.55488968
"LINESTRING(-0.131928 51.501185, -0.13328 51.501035)",26:00,0.06274815,11.55488968
"LINESTRING(-0.13328 51.501035, -0.133837 51.500986)",,0.04114088,8.04171753
"LINESTRING(-0.133837 51.500986, -0.133912 51.500977)",,0.04114088,8.04171753
"LINESTRING(-0.133912 51.500977, -0.133985 51.500969)",,0.04114088,8.04171753
"LINESTRING(-0.133985 51.500969, -0.136299 51.50073)",,0.04114088,8.04171753
"LINESTRING(-0.136299 51.50073, -0.138571 51.50049)",27:00,0.04114088,8.04171753
"LINESTRING(-0.138571 51.50049, -0.138641 51.500484)",,0.04235443,10.70868492
"LINESTRING(-0.138641 51.500484, -0.138715 51.500477)",,0.04235443,10.70868492
"LINESTRING(-0.138715 51.500477, -0.138947 51.500455)",,0.04235443,10.70868492
"LINESTRING(-0.138947 51.500455, -0.139071 51.500496)",,0.04235443,10.70868492
"LINESTRING(-0.139071 51.500496, -0.139098 51.500515)",,0.04235443,10.70868492
"LINESTRING(-0.139098 51.500515, -0.139144 51.500555)",,0.04235443,10.70868492
"LINESTRING(-0.139144 51.500555, -0.139168 51.500577)",,0.04235443,10.70868492
"LINESTRING(-0.139168 51.500577, -0.139249 51.500654)",,0.04235443,10.70868492
"LINESTRING(-0.139249 51.500654, -0.139465 51.500861)",,0.04235443,10.70868492
"LINESTRING(-0.139465 51.500861, -0.139522 51.500915)",,0.04235443,10.70868492
"LINESTRING(-0.139522 51.500915, -0.139572 51.500964)",,0.04235443,10.70868492
"LINESTRING(-0.139572 51.500964, -0.13987 51.501241)",,0.04235443,10.70868492
"LINESTRING(-0.13987 51.501241, -0.140048 51.501409)",28:00,0.04235443,10.70868492
"LINESTRING(-0.140048 51.501409, -0.140073 51.501453)",,0.04534385,11.1977253
"LINESTRING(-0.140073 51.501453, -0.140076 51.501496)",,0.04534385,11.1977253
"LINESTRING(-0.140076 51.501496, -0.140079 51.501538)",,0.04534385,11.1977253
"LINESTRING(-0.140079 51.501538, -0.140029 51.501602)",,0.04534385,11.1977253
"LINESTRING(-0.140029 51.501602, -0.13997 51.501673)",,0.04534385,11.1977253
"LINESTRING(-0.13997 51.501673, -0.139934 51.501752)",,0.04534385,11.1977253
"LINESTRING(-0.139934 51.501752, -0.13992 51.501782)",,0.04534385,11.1977253
"LINESTRING(-0.13992 51.501782, -0.139913 51.501814)",,0.04534385,11.1977253
"LINESTRING(-0.139913 51.501814, -0.139912 51.50185)",,0.04534385,11.1977253
"LINESTRING(-0.139912 51.50185, -0.139914 51.501877)",,0.04534385,11.1977253
"LINESTRING(-0.139914 51.501877, -0.139931 51.502005)",,0.04534385,11.1977253
"LINESTRING(-0.139931 51.502005, -0.14001 51.502079)",,0.04534385,11.1977253
"LINESTRING(-0.14001 51.502079, -0.140103 51.502135)",,0.04534385,11.1977253
"LINESTRING(-0.140103 51.502135, -0.140152 51.502167)",,0.04534385,11.1977253
"LINESTRING(-0.140152 51.502167, -0.140209 51.502194)",,0.04534385,11.1977253
"LINESTRING(-0.140209 51.502194, -0.140266 51.502221)",,0.04534385,11.1977253
"LINESTRING(-0.140266 51.502221, -0.140355 51.502247)",,0.04534385,11.1977253
"LINESTRING(-0.140355 51.502247, -0.140442 51.502267)",,0.04534385,11.1977253
"LINESTRING(-0.140442 51.502267, -0.140532 51.502277)",,0.04534385,11.1977253
"LINESTRING(-0.140532 51.502277, -0.140634 51.502272)",,0.04534385,11.1977253
"LINESTRING(-0.140634 51.502272, -0.14082 51.502257)",,0.04534385,11.1977253
"LINESTRING(-0.14082 51.502257, -0.141086 51.502247)",,0.04534385,11.1977253
"LINESTRING(-0.141086 51.502247, -0.141089 51.502249)",,0.04534385,11.1977253
"LINESTRING(-0.141089 51.502249, -0.141361 51.502236)",,0.04534385,11.1977253
"LINESTRING(-0.141361 51.502236, -0.14202 51.502253)",,0.04534385,11.1977253
"LINESTRING(-0.14202 51.502253, -0.141931 51.502252)",,0.04534385,11.1977253
"LINESTRING(-0.141931 51.502252, -0.141929 51.502272)",,0.04534385,11.1977253
"LINESTRING(-0.141929 51.502272, -0.142036 51.502274)",,0.04534385,11.1977253
"LINESTRING(-0.142036 51.502274, -0.142037 51.502296)",,0.04534385,11.1977253
"LINESTRING(-0.142037 51.502296, -0.142037 51.502296)",,0.04534385,11.1977253
"LINESTRING(-0.142037 51.502296, -0.142037 51.502313)",,0.04534385,11.1977253
"LINESTRING(-0.142037 51.502313, -0.14204 51.502332)",,0.04534385,11.1977253
"LINESTRING(-0.14204 51.502332, -0.142148 51.502332)",,0.04534385,11.1977253
"LINESTRING(-0.142148 51.502332, -0.142201 51.502327)",,0.04534385,11.1977253
"LINESTRING(-0.142201 51.502327, -0.142503 51.502338)",,0.04534385,11.1977253
"LINESTRING(-0.142503 51.502338, -0.146428 51.502488)",29:00,0.04534385,11.1977253
"LINESTRING(-0.146428 51.502488, -0.147989 51.502548)",30:00,0.04577777,8.67837906
"LINESTRING(-0.147989 51.502548, -0.147989 51.502548)",,0.06779263,11.27456284
"LINESTRING(-0.147989 51.502548, -0.148842 51.50258)",,0.06779263,11.27456284
"LINESTRING(-0.148842 51.50258, -0.149234 51.502594)",,0.06779263,11.27456284
"LINESTRING(-0.149234 51.502594, -0.149336 51.502595)",,0.06779263,11.27456284
"LINESTRING(-0.149336 51.502595, -0.149411 51.502597)",,0.06779263,11.27456284
"LINESTRING(-0.149411 51.502597, -0.149493 51.502614)",,0.06779263,11.27456284
"LINESTRING(-0.149493 51.502614, -0.149576 51.502634)",,0.06779263,11.27456284
"LINESTRING(-0.149576 51.502634, -0.149705 51.502643)",,0.06779263,11.27456284
"LINESTRING(-0.149705 51.502643, -0.149842 51.502647)",,0.06779263,11.27456284
"LINESTRING(-0.149842 51.502647, -0.150013 51.502653)",31:00,0.06779263,11.27456284
"LINESTRING(-0.150013 51.502653, -0.150259 51.502562)",,0.07691833,10.99976349
"LINESTRING(-0.150259 51.502562, -0.150406 51.50254)",,0.07691833,10.99976349
"LINESTRING(-0.150406 51.50254, -0.15062 51.502535)",,0.07691833,10.99976349
"LINESTRING(-0.15062 51.502535, -0.150694 51.502538)",,0.07691833,10.99976349
"LINESTRING(-0.150694 51.502538, -0.150942 51.502542)",,0.07691833,10.99976349
"LINESTRING(-0.150942 51.502542, -0.150984 51.502544)",,0.07691833,10.99976349
"LINESTRING(-0.150984 51.502544, -0.151641 51.502571)",,0.07691833,10.99976349
"LINESTRING(-0.151641 51.502571, -0.151693 51.502577)",,0.07691833,10.99976349
"LINESTRING(-0.151693 51.502577, -0.151743 51.502588)",,0.07691833,10.99976349
"LINESTRING(-0.151743 51.502588, -0.151784 51.502606)",,0.07691833,10.99976349
"LINESTRING(-0.151784 51.502606, -0.151809 51.502629)",,0.07691833,10.99976349
"LINESTRING(-0.151809 51.502629, -0.151829 51.502656)",,0.07691833,10.99976349
"LINESTRING(-0.151829 51.502656, -0.151932 51.502861)",,0.07691833,10.99976349
"LINESTRING(-0.151932 51.502861, -0.151976 51.502878)",,0.07691833,10.99976349
"LINESTRING(-0.151976 51.502878, -0.152046 51.502885)",,0.07691833,10.99976349
"LINESTRING(-0.152046 51.502885, -0.152118 51.502895)",,0.07691833,10.99976349
"LINESTRING(-0.152118 51.502895, -0.152229 51.502909)",,0.07691833,10.99976349
"LINESTRING(-0.152229 51.502909, -0.152349 51.502924)",,0.07691833,10.99976349
"LINESTRING(-0.152349 51.502924, -0.152446 51.502947)",,0.07691833,10.99976349
"LINESTRING(-0.152446 51.502947, -0.152473 51.502947)",,0.07691833,10.99976349
"LINESTRING(-0.152473 51.502947, -0.152473 51.502947)",,0.07691833,10.99976349
"LINESTRING(-0.152473 51.502947, -0.152446 51.502947)",,0.07691833,10.99976349
"LINESTRING(-0.152446 51.502947, -0.152494 51.502982)",,0.07691833,10.99976349
"LINESTRING(-0.152494 51.502982, -0.15251 51.503033)",,0.07691833,10.99976349
"LINESTRING(-0.15251 51.503033, -0.152518 51.503055)",,0.07691833,10.99976349
"LINESTRING(-0.152518 51.503055, -0.152526 51.50309)",,0.07691833,10.99976349
"LINESTRING(-0.152526 51.50309, -0.152561 51.503164)",32:00,0.07691833,10.99976349
"LINESTRING(-0.152561 51.503164, -0.152581 51.503199)",,0.05399684,8.33916855
"LINESTRING(-0.152581 51.503199, -0.152594 51.503225)",,0.05399684,8.33916855
"LINESTRING(-0.152594 51.503225, -0.152641 51.503266)",,0.05399684,8.33916855
"LINESTRING(-0.152641 51.503266, -0.152742 51.503417)",,0.05399684,8.33916855
"LINESTRING(-0.152742 51.503417, -0.152767 51.503444)",,0.05399684,8.33916855
"LINESTRING(-0.152767 51.503444, -0.152803 51.503465)",,0.05399684,8.33916855
"LINESTRING(-0.152803 51.503465, -0.152835 51.503482)",,0.05399684,8.33916855
"LINESTRING(-0.152835 51.503482, -0.152875 51.503505)",,0.05399684,8.33916855
"LINESTRING(-0.152875 51.503505, -0.152925 51.503521)",,0.05399684,8.33916855
"LINESTRING(-0.152925 51.503521, -0.153001 51.503478)",,0.05399684,8.33916855
"LINESTRING(-0.153001 51.503478, -0.153073 51.503443)",,0.05399684,8.33916855
"LINESTRING(-0.153073 51.503443, -0.153163 51.503395)",,0.05399684,8.33916855
"LINESTRING(-0.153163 51.503395, -0.153297 51.503337)",,0.05399684,8.33916855
"LINESTRING(-0.153297 51.503337, -0.153439 51.503289)",,0.05399684,8.33916855
"LINESTRING(-0.153439 51.503289, -0.153594 51.50326)",,0.05399684,8.33916855
"LINESTRING(-0.153594 51.50326, -0.153903 51.503233)",,0.05399684,8.33916855
"LINESTRING(-0.153903 51.503233, -0.154068 51.503215)",,0.05399684,8.33916855
"LINESTRING(-0.154068 51.503215, -0.154211 51.503196)",,0.05399684,8.33916855
"LINESTRING(-0.154211 51.503196, -0.15432 51.503177)",,0.05399684,8.33916855
"LINESTRING(-0.15432 51.503177, -0.154463 51.503156)",,0.05399684,8.33916855
"LINESTRING(-0.154463 51.503156, -0.154554 51.503144)",,0.05399684,8.33916855
"LINESTRING(-0.154554 51.503144, -0.155639 51.503047)",,0.05399684,8.33916855
"LINESTRING(-0.155639 51.503047, -0.155903 51.503025)",,0.05399684,8.33916855
"LINESTRING(-0.155903 51.503025, -0.155903 51.503025)",,0.05399684,8.33916855
"LINESTRING(-0.155903 51.503025, -0.15715 51.502919)",33:00,0.05399684,8.33916855
"LINESTRING(-0.15715 51.502919, -0.157902 51.502854)",,0.04792143,8.19394875
"LINESTRING(-0.157902 51.502854, -0.158405 51.50282)",,0.04792143,8.19394875
"LINESTRING(-0.158405 51.50282, -0.158446 51.502816)",,0.04792143,8.19394875
"LINESTRING(-0.158446 51.502816, -0.158525 51.502809)",,0.04792143,8.19394875
"LINESTRING(-0.158525 51.502809, -0.158613 51.5028)",,0.04792143,8.19394875
"LINESTRING(-0.158613 51.5028, -0.160107 51.50268)",,0.04792143,8.19394875
"LINESTRING(-0.160107 51.50268, -0.160643 51.502652)",,0.04792143,8.19394875
"LINESTRING(-0.160643 51.502652, -0.161328 51.502605)",,0.04792143,8.19394875
"LINESTRING(-0.161328 51.502605, -0.161825 51.502564)",,0.04792143,8.19394875
"LINESTRING(-0.161825 51.502564, -0.162272 51.502525)",34:00,0.04792143,8.19394875
"LINESTRING(-0.162272 51.502525, -0.162578 51.502501)",,0.04004952,8.2057972
"LINESTRING(-0.162578 51.502501, -0.162843 51.502483)",,0.04004952,8.2057972
"LINESTRING(-0.162843 51.502483, -0.163152 51.502463)",,0.04004952,8.2057972
"LINESTRING(-0.163152 51.502463, -0.164548 51.502363)",,0.04004952,8.2057972
"LINESTRING(-0.164548 51.502363, -0.164878 51.502341)",,0.04004952,8.2057972
"LINESTRING(-0.164878 51.502341, -0.165096 51.50233)",,0.04004952,8.2057972
"LINESTRING(-0.165096 51.50233, -0.165284 51.502321)",,0.04004952,8.2057972
"LINESTRING(-0.165284 51.502321, -0.165627 51.502302)",,0.04004952,8.2057972
"LINESTRING(-0.165627 51.502302, -0.166499 51.502283)",35:00,0.04004952,8.2057972
"LINESTRING(-0.166499 51.502283, -0.16841 51.502257)",,0.03877315,6.36806917
"LINESTRING(-0.16841 51.502257, -0.169589 51.502252)",,0.03877315,6.36806917
"LINESTRING(-0.169589 51.502252, -0.170196 51.502249)",36:00,0.03877315,6.36806917
"LINESTRING(-0.170196 51.502249, -0.17042 51.50225)",,0.04549775,7.45289946
"LINESTRING(-0.17042 51.50225, -0.171692 51.502227)",,0.04549775,7.45289946
"LINESTRING(-0.171692 51.502227, -0.173065 51.502222)",,0.04549775,7.45289946
"LINESTRING(-0.173065 51.502222, -0.173149 51.502221)",,0.04549775,7.45289946
"LINESTRING(-0.173149 51.502221, -0.173685 51.502222)",,0.04549775,7.45289946
"LINESTRING(-0.173685 51.502222, -0.173858 51.502221)",37:00,0.04549775,7.45289946
"LINESTRING(-0.173858 51.502221, -0.174196 51.502223)",,0.04451097,8.43609047
"LINESTRING(-0.174196 51.502223, -0.174344 51.502224)",,0.04451097,8.43609047
"LINESTRING(-0.174344 51.502224, -0.174421 51.502225)",,0.04451097,8.43609047
"LINESTRING(-0.174421 51.502225, -0.174446 51.502231)",,0.04451097,8.43609047
"LINESTRING(-0.174446 51.502231, -0.174481 51.502241)",,0.04451097,8.43609047
"LINESTRING(-0.174481 51.502241, -0.17451 51.502258)",,0.04451097,8.43609047
"LINESTRING(-0.17451 51.502258, -0.174537 51.502288)",,0.04451097,8.43609047
"LINESTRING(-0.174537 51.502288, -0.174544 51.502307)",,0.04451097,8.43609047
"LINESTRING(-0.174544 51.502307, -0.174544 51.502307)",,0.04451097,8.43609047
"LINESTRING(-0.174544 51.502307, -0.17456 51.502346)",,0.04451097,8.43609047
"LINESTRING(-0.17456 51.502346, -0.174562 51.502383)",,0.04451097,8.43609047
"LINESTRING(-0.174562 51.502383, -0.174582 51.502432)",,0.04451097,8.43609047
"LINESTRING(-0.174582 51.502432, -0.174574 51.502825)",,0.04451097,8.43609047
"LINESTRING(-0.174574 51.502825, -0.174574 51.502905)",,0.04451097,8.43609047
"LINESTRING(-0.174574 51.502905, -0.174574 51.50299)",,0.04451097,8.43609047
"LINESTRING(-0.174574 51.50299, -0.174558 51.503094)",,0.04451097,8.43609047
"LINESTRING(-0.174558 51.503094, -0.174505 51.503229)",,0.04451097,8.43609047
"LINESTRING(-0.174505 51.503229, -0.174453 51.503334)",,0.04451097,8.43609047
"LINESTRING(-0.174453 51.503334, -0.174269 51.50365)",,0.04451097,8.43609047
"LINESTRING(-0.174269 51.50365, -0.174104 51.503866)",,0.04451097,8.43609047
"LINESTRING(-0.174104 51.503866, -0.173787 51.504252)",38:00,0.04451097,8.43609047
"LINESTRING(-0.173787 51.504252, -0.173431 51.504732)",,0.05330823,10.99171066
"LINESTRING(-0.173431 51.504732, -0.173431 51.504732)",,0.05330823,10.99171066
"LINESTRING(-0.173431 51.504732, -0.173419 51.504748)",,0.05330823,10.99171066
"LINESTRING(-0.173419 51.504748, -0.173209 51.505049)",,0.05330823,10.99171066
"LINESTRING(-0.173209 51.505049, -0.173135 51.505171)",,0.05330823,10.99171066
"LINESTRING(-0.173135 51.505171, -0.173078 51.505302)",,0.05330823,10.99171066
"LINESTRING(-0.173078 51.505302, -0.173046 51.50542)",,0.05330823,10.99171066
"LINESTRING(-0.173046 51.50542, -0.173038 51.505496)",,0.05330823,10.99171066
"LINESTRING(-0.173038 51.505496, -0.173031 51.505527)",,0.05330823,10.99171066
"LINESTRING(-0.173031 51.505527, -0.173019 51.505614)",,0.05330823,10.99171066
"LINESTRING(-0.173019 51.505614, -0.172998 51.505674)",,0.05330823,10.99171066
"LINESTRING(-0.172998 51.505674, -0.172982 51.505725)",,0.05330823,10.99171066
"LINESTRING(-0.172982 51.505725, -0.172948 51.505775)",,0.05330823,10.99171066
"LINESTRING(-0.172948 51.505775, -0.172266 51.506628)",,0.05330823,10.99171066
"LINESTRING(-0.172266 51.506628, -0.172212 51.506686)",,0.05330823,10.99171066
"LINESTRING(-0.172212 51.506686, -0.17217 51.506721)",,0.05330823,10.99171066
"LINESTRING(-0.17217 51.506721, -0.172147 51.506729)",,0.05330823,10.99171066
"LINESTRING(-0.172147 51.506729, -0.172147 51.506729)",,0.05330823,10.99171066
"LINESTRING(-0.172147 51.506729, -0.172125 51.506736)",39:00,0.05330823,10.99171066
"LINESTRING(-0.172125 51.506736, -0.172087 51.506749)",,0.04838315,8.89053154
"LINESTRING(-0.172087 51.506749, -0.172033 51.506751)",,0.04838315,8.89053154
"LINESTRING(-0.172033 51.506751, -0.171978 51.506746)",,0.04838315,8.89053154
"LINESTRING(-0.171978 51.506746, -0.171894 51.506729)",,0.04838315,8.89053154
"LINESTRING(-0.171894 51.506729, -0.17176 51.506692)",,0.04838315,8.89053154
"LINESTRING(-0.17176 51.506692, -0.171585 51.506647)",,0.04838315,8.89053154
"LINESTRING(-0.171585 51.506647, -0.171454 51.506609)",,0.04838315,8.89053154
"LINESTRING(-0.171454 51.506609, -0.171366 51.506586)",,0.04838315,8.89053154
"LINESTRING(-0.171366 51.506586, -0.171278 51.506572)",,0.04838315,8.89053154
"LINESTRING(-0.171278 51.506572, -0.171217 51.50658)",,0.04838315,8.89053154
"LINESTRING(-0.171217 51.50658, -0.171168 51.506595)",,0.04838315,8.89053154
"LINESTRING(-0.171168 51.506595, -0.171134 51.506608)",,0.04838315,8.89053154
"LINESTRING(-0.171134 51.506608, -0.171098 51.506626)",,0.04838315,8.89053154
"LINESTRING(-0.171098 51.506626, -0.171038 51.50666)",,0.04838315,8.89053154
"LINESTRING(-0.171038 51.50666, -0.170959 51.506712)",,0.04838315,8.89053154
"LINESTRING(-0.170959 51.506712, -0.170817 51.506806)",,0.04838315,8.89053154
"LINESTRING(-0.170817 51.506806, -0.170699 51.506895)",,0.04838315,8.89053154
"LINESTRING(-0.170699 51.506895, -0.170572 51.507007)",,0.04838315,8.89053154
"LINESTRING(-0.170572 51.507007, -0.170493 51.507081)",,0.04838315,8.89053154
"LINESTRING(-0.170493 51.507081, -0.17041 51.507172)",,0.04838315,8.89053154
"LINESTRING(-0.17041 51.507172, -0.170372 51.507217)",,0.04838315,8.89053154
"LINESTRING(-0.170372 51.507217, -0.17032 51.507289)",,0.04838315,8.89053154
"LINESTRING(-0.17032 51.507289, -0.170305 51.507328)",,0.04838315,8.89053154
"LINESTRING(-0.170305 51.507328, -0.170293 51.507361)",,0.04838315,8.89053154
"LINESTRING(-0.170293 51.507361, -0.170288 51.507417)",,0.04838315,8.89053154
"LINESTRING(-0.170288 51.507417, -0.170301 51.507486)",,0.04838315,8.89053154
"LINESTRING(-0.170301 51.507486, -0.170316 51.507592)",,0.04838315,8.89053154
"LINESTRING(-0.170316 51.507592, -0.170353 51.507874)",,0.04838315,8.89053154
"LINESTRING(-0.170353 51.507874, -0.170371 51.508043)",,0.04838315,8.89053154
"LINESTRING(-0.170371 51.508043, -0.170401 51.508351)",40:00,0.04838315,8.89053154
"LINESTRING(-0.170401 51.508351, -0.170401 51.508351)",,0.05690604,12.92213726
"LINESTRING(-0.170401 51.508351, -0.170436 51.508705)",,0.05690604,12.92213726
"LINESTRING(-0.170436 51.508705, -0.170556 51.509742)",,0.05690604,12.92213726
"LINESTRING(-0.170556 51.509742, -0.170591 51.509894)",,0.05690604,12.92213726
"LINESTRING(-0.170591 51.509894, -0.170639 51.510019)",,0.05690604,12.92213726
"LINESTRING(-0.170639 51.510019, -0.170699 51.51011)",,0.05690604,12.92213726
"LINESTRING(-0.170699 51.51011, -0.170776 51.510199)",,0.05690604,12.92213726
"LINESTRING(-0.170776 51.510199, -0.170894 51.510295)",,0.05690604,12.92213726
"LINESTRING(-0.170894 51.510295, -0.171027 51.510381)",,0.05690604,12.92213726
"LINESTRING(-0.171027 51.510381, -0.171312 51.510518)",,0.05690604,12.92213726
"LINESTRING(-0.171312 51.510518, -0.171646 51.510662)",41:00,0.05690604,12.92213726
"LINESTRING(-0.171646 51.510662, -0.171837 51.51074)",,0.06726533,12.10431671
"LINESTRING(-0.171837 51.51074, -0.171837 51.51074)",,0.06726533,12.10431671
"LINESTRING(-0.171837 51.51074, -0.17205 51.510827)",,0.06726533,12.10431671
"LINESTRING(-0.17205 51.510827, -0.172286 51.510919)",,0.06726533,12.10431671
"LINESTRING(-0.172286 51.510919, -0.172488 51.510999)",,0.06726533,12.10431671
"LINESTRING(-0.172488 51.510999, -0.172584 51.511047)",,0.06726533,12.10431671
"LINESTRING(-0.172584 51.511047, -0.17263 51.511107)",,0.06726533,12.10431671
"LINESTRING(-0.17263 51.511107, -0.172633 51.511153)",,0.06726533,12.10431671
"LINESTRING(-0.172633 51.511153, -0.172616 51.511204)",,0.06726533,12.10431671
"LINESTRING(-0.172616 51.511204, -0.172579 51.511272)",,0.06726533,12.10431671
"LINESTRING(-0.172579 51.511272, -0.172533 51.511324)",,0.06726533,12.10431671
"LINESTRING(-0.172533 51.511324, -0.172451 51.511386)",,0.06726533,12.10431671
"LINESTRING(-0.172451 51.511386, -0.172378 51.511424)",,0.06726533,12.10431671
"LINESTRING(-0.172378 51.511424, -0.172286 51.511473)",,0.06726533,12.10431671
"LINESTRING(-0.172286 51.511473, -0.172332 51.511448)",,0.06726533,12.10431671
"LINESTRING(-0.172332 51.511448, -0.172226 51.511519)",,0.06726533,12.10431671
"LINESTRING(-0.172226 51.511519, -0.172211 51.511533)",,0.06726533,12.10431671
"LINESTRING(-0.172211 51.511533, -0.172127 51.51155)",,0.06726533,12.10431671
"LINESTRING(-0.172127 51.51155, -0.172125 51.51155)",41:38,0.06726533,12.10431671
