Frame,FlowX,FlowY
1,-0.0001839447,-0.00664093
2,0.00027317047,0.00074543
3,0.08703905,-0.06374275
4,0.0010189057,-0.0054522706
5,-0.001081562,-0.03911648
6,-0.0008198166,0.002195053
7,0.0008997536,-0.0026350403
8,0.0019490623,0.002780609
9,-0.0009734726,0.0024886322
10,0.003280773,0.038355332
11,0.0009622574,-0.009857979
12,-0.0010733032,-0.0040893937
13,0.025499057,0.021238633
14,-3.1700136e-05,0.0008908844
15,-0.0011790466,-0.013964043
16,0.0001512909,0.0012479401
17,-0.0014938546,-0.0024993133
18,-0.0005951309,0.0025947571
19,-0.00038164138,0.003718109
20,-0.0034906387,0.009792404
21,9.536743e-06,0.004647522
22,-0.0013856888,0.0074663926
23,-0.0015144921,-0.007856369
24,-0.00042274475,0.0029479598
25,0.0077267075,0.003828087
26,-4.776001e-05,0.0034941102
27,-0.0010585022,-0.002324562
28,0.002041111,-0.0129185105
29,0.00038116454,-0.0016721726
30,0.007340374,-0.019880561
31,-0.0019765855,0.0008921814
32,0.0015979195,-0.0038343049
33,0.01751463,0.0054844283
34,-0.0002044487,0.004851494
35,-0.0036853028,0.019088745
36,0.001705017,-0.005440922
37,-0.00062944414,0.0004819107
38,-0.0017404174,-0.0004570961
39,-0.0038426972,-0.0025605964
40,-0.0043658637,-0.008734455
41,-0.00012247085,-0.0025019455
42,0.0015262413,-0.0027894592
43,0.011516018,-0.023354873
44,-7.43103e-05,-0.0006334686
45,0.0037773706,-0.00783844
46,-0.0010329055,0.0031318855
47,0.0011755943,0.0022510337
48,-0.00014286042,0.01189703
49,-0.0010726929,0.008621063
50,-0.0050178147,0.0036793519
51,8.146286e-05,-0.00043907165
52,0.0009491348,-0.00062568666
53,0.016270198,-0.027691575
54,0.0014387512,0.0035552979
55,-0.005152607,0.022505647
56,0.00064195634,-0.0036909485
57,-0.0005529213,0.0014247132
58,-1.6040802e-05,0.0017018891
59,-0.00094894407,-0.0012390136
60,0.0017697907,0.000585022
61,-9.777069e-05,-1.1901855e-05
62,-0.00053829193,-0.001110382
63,-0.000115795134,0.00035369874
64,-0.001983528,0.004648285
65,0.0092991255,-0.005741577
66,-0.0006828117,-3.40271e-05
67,0.0015572739,-0.019509735
68,0.0046507264,-0.0019617463
69,-0.00024446487,0.0013162232
70,-0.003962574,-0.03863411
71,0.00027166365,-0.0002758789
72,-0.0060668564,0.118215255
73,-0.018394794,-0.07574616
74,0.0012179756,-0.0025525666
75,0.004720993,-0.03400528
76,-0.003941841,0.0006272316
77,-0.0012593269,0.0069263647
78,0.00042175292,-0.0029748345
79,0.0020578576,-0.0008784485
80,0.005315819,-0.004733038
81,-0.00044246673,0.0019494629
82,0.0003147888,0.0014378357
83,0.0020881845,-0.025143357
84,-0.0012881279,0.0011387634
85,0.006388149,-0.0076448824
86,0.00032062532,0.0021744538
87,-0.0011362839,-0.000928545
88,-0.0071865083,-0.00010723114
89,-0.00012622833,-0.0027600098
90,-0.0011711883,0.0075041964
91,-0.017292786,-0.0033205794
92,0.0021826935,-0.003213215
93,0.014118615,-0.029928217
94,0.0066397856,0.02112648
95,-0.0035867882,-0.011711044
96,0.0017296028,-0.001190567
97,0.0025497817,0.0022049714
98,-0.0033146285,0.0005875397
99,0.003135643,-0.0025556183
100,0.0027729035,-0.0050528715
101,0.0005982399,0.0020231723
102,-0.0015608215,0.009732742
103,0.0824432,-0.055726778
104,-0.00046041489,0.006037216
105,0.022898732,0.02221963
106,-0.0034255027,0.0018601513
107,-0.006154728,-0.00026180266
108,0.0032492257,0.0004187107
109,0.011663819,0.0034170533
110,0.02877844,0.013019104
111,0.002631035,9.338379e-05
112,-0.042008515,-0.013400726
113,0.01820568,0.017700272
114,0.01615446,0.001385727
115,0.037808057,0.012948151
116,-0.0108335875,-0.00013343811
117,-0.005096302,-0.0020285798
118,-0.0074501038,-0.0020568084
119,-0.020526543,-0.0005690765
120,0.04927475,0.004353485
121,-0.02691883,-0.0027008057
122,-0.011319275,-0.00085336686
123,-0.003050003,-0.0014907551
124,-0.0037794877,0.00088747026
125,-0.006101532,-0.0083891675
126,-0.0014035415,-0.00029107093
127,-0.0013652992,0.0022644615
128,-0.0020386123,-0.0020876026
129,-0.0009044075,-0.003636322
130,0.0010902595,-0.015762176
131,0.00026382448,0.001377945
132,0.0016156387,-0.00027565003
133,0.03625599,0.017143708
134,-0.0007813263,-0.00013389587
135,-0.0017943,-0.0014161682
136,-0.001411686,-0.00017570496
137,0.00042972565,-0.0008428478
138,0.0010816002,-0.0012887573
139,-0.0011356735,-0.0016374015
140,0.00144207,-0.004949417
141,0.0015745354,-2.0246505e-05
142,2.9659272e-05,-0.00046892167
143,0.010138836,-0.021249713
144,0.00032308578,0.0004882145
145,0.00013055801,-0.004465561
146,-0.0012755012,-0.00046165465
147,-0.0014764785,-0.0011297608
148,-0.0011337281,-0.00013038635
149,0.0018043709,0.00080154417
150,0.005520153,0.0010368347
151,-0.0008885574,-0.0038069533
152,0.0012072754,-0.0032400226
153,-0.00048074723,0.036494352
154,-0.0014064598,0.0009994698
155,-0.0010889625,0.0010630703
156,-0.000118026735,0.0023608399
157,-0.001895771,-0.00041694642
158,0.00020721435,-0.00070739747
159,0.0020878029,-0.0012784577
160,-0.00082895276,-0.0014068603
161,0.0010000038,-9.0675356e-05
162,-0.0014925385,0.0014474869
163,0.00028635026,-0.0037425233
164,-0.0005531502,0.002230606
165,0.0056407736,0.0037539674
166,0.00029928208,0.00090471265
167,0.00077787397,0.0005441284
168,-0.00014522552,0.00045677184
169,-0.00039525985,0.002031784
170,0.00028547287,-0.0051589967
171,-0.00045082092,0.0018398095
172,-0.00012266159,0.0019029998
173,-0.015980186,-0.007168808
174,-0.00029273986,0.0031185914
175,0.001207943,-0.0072878264
176,0.00083589554,0.0027290345
177,0.0008193016,-0.0003226471
178,0.0012042427,0.00012641907
179,-0.0014783669,-0.00029525757
180,-0.002137432,-0.0011278534
181,0.0021558,0.00039100647
182,0.001524334,0.00068992615
183,0.0024005317,-0.023156203
184,-0.00029905318,-0.0014496994
185,-0.0002288437,0.0044530868
186,-0.0005145264,-0.0009740448
187,0.0007492256,0.0009230423
188,-0.00075639726,-0.0011650467
189,0.0002340889,0.0010891723
190,0.0009109497,-0.0010540772
191,-0.00083696365,-0.00050236704
192,-0.0007679558,0.0011448193
193,0.019807702,0.009506149
194,0.0011379623,-0.0021781921
195,3.9291383e-05,0.0041829683
196,0.0025476455,-0.0023006438
197,0.0029494858,0.0017199707
198,0.00033172607,0.0004586792
199,-0.0032834816,0.0001845169
200,-0.000617466,-0.0067007067
201,0.00057144166,0.0014576721
202,-0.0009309769,0.0025226593
203,0.078880176,-0.07280998
204,-5.5885316e-06,0.0020716477
205,-0.0038929558,-0.0070722196
206,0.0007738495,-0.0012068176
207,-0.0010865784,0.0016240692
208,0.0014383316,0.0014986419
209,-0.0005934525,-0.0004715538
210,-0.0037550926,0.0019145394
211,0.00028068543,-0.0015822792
212,0.00014656066,0.0034107016
213,0.026307717,0.020484352
214,0.0006601143,-0.0016805648
215,-2.8247834e-05,-0.00013893127
216,0.00073400495,0.003386917
217,-0.0006302834,-0.0011904526
218,0.0021217347,-8.747101e-05
219,-0.16215742,-0.074206464
220,0.0026928328,-0.00722229
221,-0.16223574,0.01449234
222,-0.0021902656,-0.0018097687
223,0.0021592712,-0.0029297639
224,-5.2566527e-05,0.004609909
225,0.0025987625,-0.0060562897
226,0.22493038,-0.0418406
227,-0.017068557,0.0004983139
228,0.000679245,0.001737175
229,-0.0013934326,-0.00015839576
230,-0.019286174,0.014739446
231,0.24878535,-0.020330582
232,0.0020988083,0.0014879608
233,0.24736963,-0.03625168
234,0.34702146,-0.080216825
235,0.001041317,0.005258255
236,0.006925621,-0.0012673569
237,-0.07572267,-0.043833617
238,-0.034671057,0.011887436
239,-0.03535324,0.08691917
240,-0.000763073,-0.0004922485
241,-0.12599729,-0.017120361
242,-0.19170025,-0.13826028
243,-0.026876792,-0.056594696
244,-0.13516285,-0.20137024
245,0.27285182,-0.19868621
246,-0.37258315,0.07794884
247,-0.18691732,0.0077584074
248,-0.31323668,0.08082935
249,-0.18609844,0.07519634
250,-0.19449659,0.09529129
251,-0.3490042,0.2793322
252,-0.16594276,0.39336562
253,-0.004267311,0.6288864
254,-0.47484368,0.6492783
255,-0.6548089,0.7571156
256,-0.11587463,0.6750727
257,-0.10917578,0.8883196
258,-0.13780697,0.79094774
259,0.06397148,0.5422083
260,0.25502393,0.35558334
261,0.042042695,0.20471905
262,-0.101877116,0.1152714
263,-0.70051646,-0.17810936
264,1.6117226,-1.0741044
265,1.2750161,-2.8843415
266,0.06920456,-2.4766123
267,2.9958787,-2.1969385
268,1.6114378,-4.9298
269,-11.414162,-27.464397
270,-2.8505206,-10.047049
271,-7.012805,-2.17612
272,-5.667931,-1.2767476
273,-2.570236,2.0992692
274,-1.4592446,1.9274149
275,-0.6486092,0.54017115
276,-0.00016638245,0.0009963103
277,-0.002255478,-0.001649704
278,-0.0023960113,-0.0012728501
279,-4.261017e-05,0.0015706349
280,0.0050748824,0.0006628418
281,-0.002876587,0.002422638
282,0.00046873093,0.0009562683
283,0.0053196717,-0.027554702
284,0.00046251298,0.00083831785
285,-0.005100212,-0.002889023
286,-0.00071294786,-0.0013430786
287,0.0013121032,0.0012283325
288,0.0005504608,0.0016397857
289,0.00021121978,0.00069854734
290,0.0024671555,0.003989792
291,0.00018232345,0.0007170868
292,1.44577025e-05,-0.0018748475
293,-0.014537067,0.034394227
294,-0.0010677337,-0.003808136
295,-0.0027859116,0.00044265747
296,0.0030867958,0.0028928376
297,0.0035084533,4.5318604e-05
298,-0.0006327248,-0.0015317536
299,-0.0005747032,0.0017275237
300,0.0072337533,-0.00088775635
301,-0.0017708015,0.0011639404
302,0.00037582396,-0.0005935669
303,0.079852216,-0.06407318
304,-0.0021081162,-0.00029647828
305,-0.004018669,-0.0038580322
306,-0.00016647339,0.00057891844
307,-0.0013983154,0.0037271117
308,0.0006830597,-0.001000557
309,0.0017082405,-0.0010127259
310,-0.00029647828,0.0010611725
311,0.00081615447,-0.0013176822
312,0.0024949645,-0.002997055
313,0.024767436,0.017314224
314,-0.00036434174,-6.1035155e-07
315,-0.0019349098,0.0043229675
316,-0.0026161957,-0.0018527221
317,0.0008897018,0.00039276123
318,-0.002404499,4.249573e-05
319,0.0008945465,0.003395996
320,0.004951687,-0.0034784698
321,0.0012598229,0.0015285873
322,0.0020840073,-0.003711319
323,0.00022712708,-0.0032398223
324,0.002242794,-0.00072296144
325,0.0048682406,-0.0035916138
326,0.0033799363,-6.177902e-05
327,0.0015638352,-0.0010295392
328,-0.00085050584,-0.007731886
329,-0.0006466293,-0.0023273467
330,0.002584305,-0.0048449896
331,0.003477726,-0.00060058595
332,0.00418993,-0.0035371399
333,0.027274666,0.011452179
334,-0.00021059037,0.00027473448
335,0.023358708,0.010762024
336,-0.31671834,-0.050678186
337,-0.966537,0.28816652
338,-2.9842346,0.5072491
339,-3.1314662,-1.875831
340,-2.1262693,-6.28302
341,-1.2745175,-8.395423
342,-0.27621183,-11.290835
343,1.3957162,-9.722404
344,2.3675158,-5.1909328
345,1.6728321,-4.7397447
346,1.6065832,-3.504204
347,4.04381,-4.5505567
348,4.8439484,-5.6253285
349,4.9198704,-6.165312
350,5.086727,-4.450583
351,2.4087462,-4.473174
352,-0.9358041,-1.8791336
353,0.82795715,-2.7485595
354,2.7407606,-3.666445
355,-0.1641014,-0.9662952
356,-2.365869,0.87682706
357,-1.5445157,1.0754398
358,-0.15563436,0.13277756
359,-0.20821601,-0.37151065
360,-1.7311167,0.34140044
361,-2.260531,0.0394289
362,-0.55765396,-1.4923961
363,-0.4267565,-1.2699921
364,-0.5636061,-1.0277886
365,-0.7098917,-0.4058471
366,-1.039261,0.18600799
367,-1.0263137,0.9053978
368,0.008713894,0.22907963
369,0.21864876,-0.3571618
370,-0.69479185,0.5927278
371,-0.046066493,0.088984855
372,0.27317294,-0.117340565
373,-0.32312638,0.28289843
374,0.30458343,-0.0838998
375,-0.017557468,0.13079265
376,-0.41903877,0.42885157
377,-0.29258737,0.35423496
378,-0.09983767,-0.3363475
379,-0.12588044,-0.6963973
380,0.027642917,-0.21703218
381,0.33033913,0.009184151
382,-0.7177111,0.6852949
383,-0.5143119,0.5862501
384,-0.077114694,-0.10215794
385,-1.080915,0.7295623
386,-0.7798598,0.40210724
387,-0.26827815,0.26705563
388,-0.70688736,0.68105483
389,-0.0016900444,0.08402148
390,-0.35296172,0.31209922
391,-0.8764239,1.3119961
392,-1.7966613,2.1674087
393,-2.8279974,1.3979036
394,-2.0620584,-1.025172
395,-5.1285143,-6.337634
396,-2.7631645,-5.8165026
397,4.133327,-6.1352634
398,4.0638976,-7.6844344
399,2.7304113,-7.292415
400,1.8071088,-6.0354586
401,-0.5339404,-6.008683
402,4.106218,-5.886879
403,6.710318,-3.6132586
404,4.3994927,-4.256508
405,5.335107,-1.4795376
406,-0.5527494,0.12949127
407,-6.3598385,3.8755703
408,-2.176268,-0.12692879
409,-3.8564212,-0.85405815
410,-2.4109967,5.4736924
411,-0.29051316,6.1462374
412,-1.2547634,0.6279649
413,-2.140766,6.2922497
414,-0.08157898,-1.7020683
415,1.3533218,-2.4985452
416,2.1837244,-2.9078445
417,1.2200125,0.9621813
418,2.3843336,-2.2681968
419,5.349193,-5.2700872
420,-5.1011786,-3.1067812
421,-0.5882486,2.2704182
422,-1.599609,-2.5375354
423,3.697675,-3.258003
424,2.9321673,-0.74347645
425,3.6045296,1.7149715
426,5.0319653,-0.6230207
427,3.2475545,0.7579766
428,0.9244982,1.1286628
429,2.499127,-0.7020563
430,7.91486,-0.8086031
431,3.7395813,1.2807
432,6.3252316,3.403052
433,6.5595574,2.3105907
434,5.3984776,3.1909823
435,6.3381863,4.4971952
436,7.339601,-0.78354394
437,5.8531227,5.3174634
438,5.3224907,5.0998497
439,6.5208387,3.9176354
440,6.8996334,5.206297
441,5.5665298,6.3779345
442,5.7288704,4.751718
443,8.225755,3.407348
444,6.118548,4.3216114
445,8.2878275,4.6093645
446,19.515093,-19.704908
447,3.1633387,-26.579943
448,2.673684,-5.240226
449,7.8184533,-4.215099
450,4.722552,-3.9948804
451,3.6874986,-1.028194
452,1.6260102,-0.3698122
453,4.733791,-1.1848674
454,4.151815,-2.1968393
455,-7.5126934,-0.7399486
456,-7.7875657,-1.8453856
457,-2.2298243,1.4624327
458,-0.51369625,0.7374431
459,-0.04984953,-3.4587104
460,-0.6732192,0.99314666
461,-1.3666983,1.6808966
462,-0.6125654,1.3711036
463,-1.6272916,-0.3240923
464,0.19378327,-0.18861721
465,0.37398705,-0.22240216
466,-0.09145683,0.7460134
467,0.22170176,-0.7860014
468,2.4304323,-0.9582866
469,2.6914833,0.07748705
470,0.978866,-0.11679499
471,-0.54108244,-0.6450537
472,1.9930075,2.174429
473,4.711263,5.5950837
474,4.1888638,5.305795
475,5.4366736,2.43658
476,0.0418841,-3.2451336
477,0.5706101,0.48917615
478,7.1757703,7.6028967
479,6.425707,4.6357846
480,5.984088,0.98093855
481,6.6978703,6.10589
482,8.148362,7.785835
483,10.1769285,3.7661855
484,11.316254,6.860827
485,6.7990336,6.5305696
486,8.941837,-1.5628991
487,-5.963597,1.3419172
488,-8.494636,-0.23665074
489,-8.361829,-1.5274348
490,-8.162459,-0.60052
491,-9.226202,-2.363633
492,-8.311485,0.66519046
493,-9.85011,1.6877103
494,-9.824665,1.3886167
495,-5.9342427,4.0851674
496,8.525457,1.7175754
497,7.662291,4.943004
498,7.196391,1.9875494
499,9.804956,-1.7626293
500,9.078935,-0.32552436
501,7.469983,-2.2419186
502,6.992199,-1.4342952
503,1.740249,0.61198896
504,-7.1765947,1.2987801
505,-9.0225115,2.6169012
506,1.5904601,4.6722746
507,7.4611206,4.924383
508,9.4873905,-3.138722
509,9.275036,-1.5875336
510,8.287154,3.1664133
511,10.613823,6.7548285
512,10.276846,-0.58347094
513,1.3849022,9.379876
514,-2.2452161,2.269152
515,9.457765,1.8535287
516,9.241421,6.652158
517,9.975312,2.7367268
518,-3.281818,-4.266512
519,-12.080098,-3.7070558
520,-10.442231,-5.999308
521,-10.092421,-1.8574008
522,-6.6749086,0.33351064
523,-0.4393073,1.893847
524,5.8702326,-0.2760446
525,4.5379314,-0.7702987
526,0.22596882,1.2529551
527,0.5082763,-6.6216106
528,4.8469696,1.1951798
529,3.6642532,0.19741516
530,4.7452507,4.0031724
531,4.200103,4.1127095
532,6.916002,5.6121435
533,8.786605,-1.2319958
534,8.853743,3.3531134
535,2.5752654,1.061068
536,6.74711,-1.1629145
537,5.666648,3.9104028
538,-4.916836,0.12511063
539,-10.603389,-4.4871945
540,-7.842377,0.4769931
541,-6.597465,-1.4641566
542,-7.923699,-4.782117
543,0.08112159,2.5754504
544,10.985526,2.5289261
545,10.895492,1.9932191
546,10.004916,4.8472567
547,-1.5385977,0.307968
548,-8.624657,-2.8784432
549,-9.672441,-2.6753714
550,-10.070156,-4.0199547
551,-6.184546,-0.5201442
552,-0.2841225,2.2024605
553,0.37466475,0.23389412
554,-6.9909315,-0.8388669
555,-6.6537323,-3.1804004
556,-8.47056,-0.029243087
557,-4.433264,4.222
558,2.9429672,-4.34716
559,8.75042,-2.2972445
560,5.860476,-2.5651276
561,-4.634589,1.8447948
562,-4.5493493,4.285902
563,-2.3732524,-0.28366548
564,4.060474,-0.82874906
565,7.4702015,3.898823
566,7.671339,-0.5752256
567,9.022925,5.404031
568,5.1336365,-1.8196416
569,-1.0139258,-2.5196657
570,4.6601768,-1.173358
571,4.8192286,2.1767135
572,-1.3964093,1.7311158
573,-0.7938887,-2.5801358
574,0.91766036,-0.75955224
575,-4.085979,2.545672
576,-3.6509697,-8.093766
577,2.0200686,-10.6143875
578,1.3231878,-8.66065
579,-0.9403787,9.049519
580,3.4996533,6.7657685
581,5.2159595,10.277377
582,-0.29352716,8.852957
583,-1.553409,6.656281
584,-2.7941487,6.38792
585,9.820981,1.6862508
586,13.259359,5.7597413
587,8.386884,0.7557529
588,0.56528264,3.9227335
589,-3.8042974,-1.768941
590,-5.6180224,1.411362
591,5.744604,1.2939867
592,11.135267,4.479475
593,9.810643,6.892143
594,4.7566,1.9015476
595,-1.8505349,-3.472571
596,-6.2893553,-6.080647
597,-8.029517,-3.6799133
598,-7.9379144,-7.7991047
599,-0.3325628,-1.6266063
600,7.0585194,2.7599225
601,3.3975227,1.3628011
602,-9.901994,-1.9808148
603,-13.173795,-5.784193
604,-8.414233,-0.04426346
605,1.663595,2.306812
606,9.737255,8.228682
607,14.05112,1.7318354
608,8.114887,-1.9505794
609,3.6567657,-3.998148
610,3.1267316,9.044614
611,6.539392,-1.2024565
612,4.57013,2.2032535
613,-1.115261,-0.702392
614,1.1541023,3.6946497
615,3.7059634,-3.1894107
616,0.49178565,5.4237432
617,-0.6985153,1.5548056
618,-5.932153,2.427414
619,-7.0892825,1.2183955
620,-6.431143,-1.4264034
621,-10.166677,-7.451554
622,-8.6226,-6.043958
623,-9.475013,-4.9648414
624,-9.178459,-1.8901821
625,-5.142219,-1.5863408
626,-6.301956,2.884749
627,-6.4246655,0.8849093
628,-5.4544744,-1.1165147
629,0.5451113,-1.0980728
630,8.871269,-0.92489123
631,10.549934,4.5680847
632,11.158408,-1.5768716
633,12.119862,3.1900897
634,14.305586,6.967761
635,11.925724,8.364059
636,9.000951,8.456876
637,0.65252936,8.609018
638,-1.3271968,6.8795943
639,-1.3994311,4.7388062
640,-0.22381969,11.281131
641,-4.5254855,1.6019009
642,-7.179559,-7.9852858
643,-7.126616,-14.878497
644,-6.712129,-10.017737
645,-4.7934713,0.61620337
646,-5.3038306,-1.6614285
647,4.4955072,6.33965
648,6.7252846,4.8604064
649,3.0748932,-2.420373
650,1.7093577,-2.0636456
651,1.1115335,6.0656667
652,-4.143226,2.8025465
653,-5.1095715,-3.2116668
654,-3.0574164,-3.8894536
655,1.2528462,2.51782
656,5.2296352,-0.109596826
657,4.92387,1.4798938
658,7.9432807,-2.6899958
659,5.6843443,0.2165226
660,7.8724055,1.457117
661,8.507184,1.7318805
662,2.9244993,6.548158
663,1.6409912,3.2904913
664,4.983765,-6.3163548
665,4.3732605,6.4950743
666,4.174532,5.9157653
667,5.8112416,-0.1436042
668,1.6062083,1.9939437
669,-0.48698485,-1.8573288
670,-2.0724175,-0.31335068
671,-5.744158,-0.87321967
672,-8.3625555,2.3572626
673,-5.604316,4.5015836
674,-6.8521395,0.80049974
675,-1.3248148,3.583981
676,4.7253385,-0.45585
677,2.8172164,2.1537852
678,0.693904,-1.2722161
679,5.2624626,-1.7873439
680,8.742897,1.1651736
681,5.1343064,0.09361091
682,-0.3737542,2.7427227
683,-4.4658146,4.8531938
684,-7.533859,-2.64963
685,-7.8109174,2.1531293
686,-1.1031567,2.0060205
687,2.5665796,3.904358
688,5.0812855,2.295106
689,3.5496008,-2.8551393
690,0.26560107,0.113747746
691,-4.222185,3.2182977
692,7.458244,5.593562
693,9.730175,-3.0675812
694,0.50738233,-3.9282968
695,-7.957932,-0.37964234
696,-6.2154865,-1.517505
697,-4.118985,3.399765
698,-5.7749367,2.5707648
699,1.5086968,0.1842778
700,10.31638,3.4348354
701,10.016441,-1.424274
702,6.448804,0.10489624
703,-1.7270622,3.1603425
704,-1.9396213,-1.6799157
705,5.327316,1.4740715
706,10.007437,-0.32492164
707,4.615268,-1.9699244
708,-0.71073455,-1.4238719
709,2.0042217,-0.4688571
710,2.3035095,-0.62255526
711,-6.083928,0.15100685
712,-2.8240602,-5.138487
713,-0.5854247,-2.6182892
714,-4.27048,-0.9058178
715,1.6645011,0.95855516
716,4.2395015,5.1022716
717,1.2036813,5.492468
718,3.0382493,1.3548689
719,1.5626799,3.5253184
720,5.396544,1.3735712
721,1.8469554,3.0015204
722,3.4977403,4.652734
723,4.1320033,0.0798272
724,3.1595933,-1.0886973
725,2.9296746,-1.1547629
726,3.0325723,2.9711256
727,1.922065,0.41078392
728,4.0464892,3.4595082
729,2.0739205,3.2874835
730,1.2962241,2.367765
731,3.353057,3.7296903
732,5.017435,1.262777
733,1.4374363,2.815465
734,2.6320753,1.532278
735,1.5544678,4.1801434
736,2.0218225,-4.004843
737,3.6050754,6.645148
738,6.906789,1.0552781
739,2.3858886,-0.17282143
740,4.444622,-2.5228195
741,2.849273,4.622621
742,-3.9620423,7.717451
743,-6.078844,5.5459766
744,-2.5773115,-1.851502
745,-3.6937857,-6.154461
746,-0.70469683,8.789497
747,2.0259976,-0.7159898
748,0.91786295,3.0013812
749,-0.75983185,-0.15567428
750,-1.3119708,6.098645
751,0.11921551,-1.1740291
752,-2.487827,0.96175826
753,-3.4759529,-0.9505321
754,-1.321717,5.713154
755,1.3736185,6.6780553
756,-0.32740986,4.93466
757,1.0547442,-2.8255532
758,0.21844757,-2.2643507
759,-0.90050447,1.2602367
760,-2.8086932,-1.2157558
761,-7.444695,4.0762725
762,-7.015734,4.2087007
763,-4.8666964,4.0451035
764,1.4167119,-3.00522
765,3.5364184,1.6817478
766,3.9640918,3.2048328
767,5.3317976,-2.9442868
768,5.4130354,-2.428277
769,1.8237892,5.238539
770,5.307987,0.57808715
771,6.518957,-6.914702
772,3.1438208,3.7131665
773,4.8560386,7.113367
774,4.9817986,-5.9147406
775,4.0228333,4.4241295
776,1.7026486,2.889726
777,4.2162967,-2.7690344
778,0.7265472,1.1181735
779,-6.7889075,-2.362662
780,-6.4503355,-4.2543545
781,-5.925086,1.5759717
782,-1.1450539,7.849415
783,-0.81476784,-5.0573015
784,-3.574443,-2.659924
785,-4.849271,1.6186553
786,-4.6294007,1.6019616
787,-3.2498202,4.012692
788,-1.4871781,-4.1003323
789,-1.6819298,3.6259441
790,2.5061018,0.94283247
791,3.7902918,2.000661
792,6.7085724,1.2987999
793,7.6168227,0.1868058
794,4.496997,1.9131511
795,-1.9405344,-2.0596216
796,-6.8270087,-1.4827394
797,-3.884729,0.6194182
798,3.1879022,0.72658753
799,3.6911151,0.81046265
800,2.1124861,-1.5552195
801,-0.94963205,1.889268
802,-1.8570572,0.34015915
803,0.39161232,2.8978167
804,1.7712924,-4.7365217
805,1.4600445,8.625938
806,-0.1040115,-4.5289197
807,0.12468501,1.4348952
808,1.8097833,3.8334517
809,4.387251,-4.0367465
810,1.9049138,-0.10367367
811,1.5183624,2.128082
812,-0.51314974,0.10120407
813,-4.8237658,-5.4074864
814,-4.334617,3.5672278
815,-3.8419,-1.8862998
816,-5.9018245,1.3910668
817,-8.31602,-4.0398574
818,1.1819152,-3.117267
819,5.5523267,4.885805
820,9.722778,0.10558277
821,6.339426,-0.6144952
822,-3.7273605,0.03374151
823,-5.924923,-0.06297535
824,-6.583095,1.1718276
825,-4.599207,-2.3680809
826,0.27723372,1.0376248
827,3.0991404,8.809272
828,9.091412,1.7009255
829,9.570501,1.5796814
830,7.8238845,-1.5172434
831,5.2240868,-1.4585208
832,4.8147254,5.3645844
833,6.992078,-3.0288773
834,4.407795,0.57530576
835,5.455146,-3.0177047
836,1.7350905,-6.157182
837,4.178195,1.6937364
838,4.1774406,1.1216882
839,-1.7490649,-2.0547316
840,0.14928184,4.9410534
841,-0.8565952,-5.626541
842,-0.75868744,2.99339
843,0.632512,1.8850573
844,4.6463056,0.09063311
845,4.0249653,-4.033201
846,3.167251,3.3814676
847,3.8015525,-4.0582933
848,3.880406,-5.8809495
849,-1.3069384,5.595651
850,-3.8688247,3.2684736
851,-0.90910983,2.2597992
852,-2.7052763,-3.1379201
853,-1.7230706,3.9524887
854,2.956256,1.2418069
855,3.5739257,5.848247
856,7.0963783,2.8012195
857,6.3612084,5.2493567
858,6.2474036,2.3233025
859,6.080365,0.523464
860,-1.6107907,0.87437683
861,-6.7194667,3.6085517
862,-0.6726448,4.1125755
863,7.947855,0.110784836
864,6.7123013,5.851199
865,5.235199,2.5907748
866,-0.089588545,4.8581123
867,0.96039444,5.415254
868,5.660838,2.2508814
869,6.3476396,1.4098577
870,1.2164967,0.496282
871,-2.5903883,0.35945597
872,-1.5064679,-2.8560603
873,1.0870686,-0.15386522
874,0.94791275,3.8188915
875,0.35843018,2.6234062
876,3.5162811,-1.2308828
877,5.475776,1.4546243
878,6.8416724,-4.730717
879,8.418546,6.476549
880,6.7095466,-2.8377504
881,10.565885,-1.1906021
882,5.98778,-1.3713028
883,3.3006885,2.9403458
884,4.0902042,1.3976382
885,3.8602777,-0.026110077
886,1.0631819,-3.3583612
887,-6.1303973,-1.4052994
888,-12.03233,-1.7960248
889,-9.578838,0.3261182
890,-1.2740219,-2.7382717
891,8.729847,3.3248072
892,2.385618,2.547813
893,-3.5869122,4.6391206
894,-9.65653,-1.8028176
895,-15.606488,-2.6933641
896,-11.122358,-1.925077
897,0.794206,3.6275969
898,8.978244,3.0786633
899,11.302563,2.3343055
900,10.085312,3.8681622
901,4.707298,2.1737669
902,-1.176836,2.0353048
903,-3.6930912,5.454343
904,-4.276437,-3.7931793
905,0.1477375,2.0348587
906,-0.7820333,-1.9286125
907,-3.203042,8.300028
908,-5.685039,-1.5497437
909,-0.7586038,1.9068553
910,4.4367995,-3.3582175
911,11.697975,1.1244197
912,12.542614,2.3859417
913,8.252103,3.487634
914,-2.586587,-0.6089718
915,-8.282821,2.5064764
916,-5.488617,-1.4966023
917,-9.890156,2.9581895
918,-9.794776,3.6662073
919,-3.4630349,4.3096514
920,9.986944,4.756981
921,14.1687155,-0.3493128
922,8.416817,-6.4858413
923,6.569961,-2.8070798
924,7.0426702,-5.211031
925,9.533797,-3.7564943
926,3.571224,-9.879412
927,-8.327466,-6.818372
928,-9.773471,0.97955114
929,-7.606,1.6255168
930,-4.8261805,1.2426876
931,-2.5087278,3.634236
932,3.3495615,3.696794
933,6.08849,-2.8323493
934,8.277137,-1.5755715
935,8.446631,-2.5935252
936,9.173663,-1.3982456
937,2.92241,-6.8579683
938,0.35227698,-4.349907
939,-3.9792938,1.0603884
940,-6.89483,-4.03692
941,-6.0492835,-7.420051
942,-5.9143147,-8.850532
943,-0.72862244,7.4318223
944,4.3629417,1.1029935
945,11.345757,-0.68204015
946,8.922331,1.6980629
947,5.8885345,5.4620843
948,-1.5131676,1.5534519
949,-5.176425,3.9514086
950,-6.4729066,1.6261952
951,-5.8027296,0.23090118
952,-7.381947,0.42293894
953,-6.1048317,3.6353283
954,-5.292631,1.1588142
955,-4.349189,2.441519
956,-0.6959673,1.28253
957,7.4780717,-1.1131641
958,8.657814,2.9407148
959,4.605002,0.33918285
960,-1.5653565,-2.214435
961,-6.4106245,3.251901
962,-3.5877545,2.7843413
963,-1.5824835,2.9572074
964,2.1717842,-2.5946898
965,6.0378394,1.8472764
966,8.569156,5.7039504
967,5.017911,-2.1088905
968,3.9303052,0.66767454
969,0.3043145,-5.0911856
970,2.403749,7.8694677
971,6.1857862,-0.82751495
972,2.1800122,0.35649955
973,-6.4509377,1.001578
974,-2.9370856,-1.9969745
975,1.6908356,5.6990576
976,2.6646984,6.4652057
977,1.6459659,-0.5365191
978,-1.6638467,-0.5672037
979,1.2978796,-2.8299646
980,-1.0232235,7.6886473
981,-5.193826,6.6532373
982,5.3457365,-4.6744113
983,1.7087677,0.086244166
984,0.75578153,2.877586
985,2.2018778,2.9447293
986,-1.260612,1.1571118
987,5.62854,2.8539102
988,3.9990888,-3.2063093
989,0.3142685,4.8287697
990,4.360444,4.604244
991,4.1944437,4.7787123
992,2.184471,5.6078677
993,5.134984,-0.28258815
994,3.0485535,6.7403393
995,2.8901083,6.6561465
996,5.7761073,1.4076436
997,6.576218,-0.433015
998,2.8913105,6.876604
999,2.9253662,8.569165
1000,2.3244817,9.048997
1001,6.7257695,5.6447873
1002,7.6387577,5.182975
1003,4.7299986,0.60179317
1004,7.673767,1.4666553
1005,7.011331,-2.2339072
1006,2.4198492,2.6956089
1007,4.5429144,0.12619217
1008,5.855455,-2.1937788
1009,1.9440645,1.8721613
1010,1.9561679,2.1197312
1011,1.6448166,3.7306964
1012,1.1651187,2.129009
1013,4.7193127,-4.486314
1014,5.8442993,5.3067904
1015,4.506609,0.2779457
1016,5.118107,0.96462137
1017,5.2443666,2.3229256
1018,5.1223564,2.2303562
1019,4.3912263,4.688126
1020,2.8390608,-8.380385
1021,1.653091,-11.818267
1022,4.512532,7.644762
1023,1.2795544,7.4707084
1024,3.6421218,10.700532
1025,3.0526216,6.035081
1026,0.392759,4.793605
1027,4.568511,-10.201546
1028,6.1652017,-0.7018983
1029,4.428272,-1.092019
1030,2.8078692,2.7328513
1031,1.9510486,5.676825
1032,0.4885955,6.782428
1033,1.7766993,4.2754083
1034,7.923519,-8.557904
1035,1.0245917,-9.119418
1036,-4.8489175,-6.564537
1037,-9.287712,-7.140958
1038,-9.074529,-5.006221
1039,-9.13491,1.1598866
1040,-4.830433,-1.3784201
1041,-6.6638145,6.597876
1042,-0.82230103,7.243654
1043,2.973931,10.550571
1044,-0.4492297,9.236314
1045,-5.77991,-0.45929313
1046,-0.8834264,-5.5929017
1047,5.1137614,8.839882
1048,12.131872,-0.44150394
1049,9.321897,-1.0974215
1050,10.292375,-5.2128267
1051,7.144643,-1.8394456
1052,7.835818,-6.426623
1053,10.925764,-4.178064
1054,8.842929,-3.1273992
1055,5.21775,2.7414093
1056,11.071677,4.000137
1057,6.005972,2.9587588
1058,8.118497,4.3776293
1059,2.6556268,-1.1160992
1060,4.514031,-4.3917494
1061,3.3496723,0.29323468
1062,14.770616,-2.2686224
1063,15.95824,-7.202621
1064,8.9040985,3.2022357
1065,7.46669,4.1848683
1066,14.041946,-2.0448227
1067,9.291913,1.4754874
1068,8.950086,-6.239884
1069,12.0549755,5.2074294
1070,8.159742,1.0169525
1071,12.846887,-2.0413477
1072,15.520945,-4.5436
1073,14.129397,-0.027757874
1074,17.29167,0.85680985
1075,15.22657,4.3519154
1076,18.894648,-3.509309
1077,13.1242075,-0.3101394
1078,11.800662,-3.2012322
1079,4.5318947,-0.6493877
1080,-5.3264117,-5.0448456
1081,-11.6661625,-4.9941506
1082,-7.5737014,1.0055739
1083,1.5270294,5.440103
1084,-0.53122187,1.3720425
1085,2.30201,3.510853
1086,8.525437,-10.625995
1087,9.844089,-10.731427
1088,9.3860235,4.7475376
1089,12.238996,5.212008
1090,11.005012,-1.4027314
1091,12.033796,2.5551474
1092,2.6963227,3.2950177
1093,-9.468181,-0.0016351319
1094,-9.355204,0.06809044
1095,-9.719286,6.4483213
1096,-2.3769906,1.8148161
1097,6.352275,5.007842
1098,8.1647,1.366866
1099,6.9054985,-0.83889824
1100,3.2472973,-14.849303
1101,8.089569,-2.652728
1102,-2.271918,-1.2217702
1103,-10.176358,-2.6398206
1104,-15.941151,1.4942445
1105,-7.0806565,2.6481164
1106,-9.503776,-0.8022106
1107,-4.863895,-0.076069295
1108,-10.580384,8.108255
1109,5.42215,9.057956
1110,12.122978,4.290629
1111,11.500386,-0.028156742
1112,11.562151,-0.23099427
1113,7.4307528,3.328649
1114,-2.8550696,4.7827225
1115,-8.104082,-0.23027124
1116,-7.687055,0.4791665
1117,-6.220191,0.5614084
1118,-0.7936857,8.012693
1119,10.906519,8.148781
1120,8.25224,6.455929
1121,6.8943577,2.371378
1122,6.6099553,3.320691
1123,-0.3153662,1.0345311
1124,0.44953316,9.8152
1125,-4.197424,10.188128
1126,-5.7278385,-6.4117
1127,-7.9191685,2.3658273
1128,-2.882735,1.4033982
1129,7.0893874,9.486822
1130,11.039871,5.686982
1131,10.597096,-2.6157575
1132,10.052049,2.9827654
1133,7.77407,5.347297
1134,-0.146075,1.6091838
1135,-5.49188,1.4377736
1136,-7.6483393,1.9779904
1137,-0.43959177,-9.946693
1138,3.2581048,-0.21922989
1139,-1.4961734,7.966069
1140,-1.3273016,8.673968
1141,3.78028,10.836001
1142,5.318551,7.8509936
1143,9.254947,8.176449
1144,0.68341744,1.8276243
1145,-5.51358,2.491165
1146,-8.672411,-2.975823
1147,-7.7309704,1.8342688
1148,-5.1330333,8.790522
1149,-3.446641,11.248624
1150,1.8586743,11.515148
1151,2.4304016,12.487965
1152,2.0600178,-12.09084
1153,6.680416,-2.0287051
1154,-1.7249031,-16.799702
1155,-6.4877496,-8.053378
1156,-7.925434,8.141222
1157,-8.150162,-9.572414
1158,-4.4484315,8.406282
1159,-6.1267853,6.4759145
1160,-1.1458938,-3.988028
1161,6.263718,4.3781276
1162,6.2960424,0.7805969
1163,6.1962714,4.589388
1164,6.1295104,-1.7221386
1165,6.9100404,0.006331482
1166,6.9903793,0.011163206
1167,-4.8200994,1.7371128
1168,-6.1509986,3.3527615
1169,-6.0799327,-1.3563801
1170,-4.1427813,-0.5683128
1171,-4.976223,1.7324035
1172,1.1606408,1.6695654
1173,5.3718915,5.4810424
1174,7.6887507,0.36229646
1175,11.333674,1.7909366
1176,8.117654,-4.975973
1177,4.1541,-1.0330142
1178,4.1065087,1.9345415
1179,5.7857213,4.5223427
1180,8.571825,0.7409142
1181,8.504877,-1.5594761
1182,7.7700987,-3.2632074
1183,-2.2809894,2.7277417
1184,-2.6768699,1.1954303
1185,-5.804408,-3.5256817
1186,-5.669808,3.7536783
1187,-4.844736,7.6206026
1188,-2.4167757,5.273594
1189,1.0756688,-1.7793089
1190,7.2837844,4.9967604
1191,7.8209105,0.017848358
1192,4.8014665,3.737136
1193,0.43525738,2.5134509
1194,-1.6375074,-0.41607344
1195,-3.6009154,1.8101795
1196,-3.3081286,6.630823
1197,-0.140453,4.395208
1198,2.54413,-0.9419431
1199,5.726504,0.25028458
1200,5.296061,-10.0252
1201,1.0608739,11.421432
1202,-6.132152,5.8562713
1203,-7.2001047,2.9993908
1204,-2.9736688,-1.8440878
1205,0.14795342,0.8585993
1206,5.7295675,5.9255075
1207,8.447315,-0.006514617
1208,8.046497,1.5136546
1209,7.6839905,1.0361267
1210,-0.14382696,1.6971011
1211,-3.5719876,8.213916
1212,-6.332675,2.2710333
1213,-1.8890876,2.833243
1214,2.7179863,4.812955
1215,5.0005355,2.651716
1216,6.282866,-0.15787582
1217,3.6373239,-6.0315175
1218,2.4844909,9.073354
1219,1.6360227,11.453369
1220,4.123155,-1.6409038
1221,1.3870828,-1.3886464
1222,-3.4006417,-6.269819
1223,-3.8067815,2.165139
1224,0.95542085,1.3545505
1225,8.035911,3.7190561
1226,5.744669,-0.48135298
1227,4.292175,-2.7858636
1228,2.194968,9.514219
1229,2.6095557,-8.11799
1230,-3.7864044,5.9941807
1231,-2.8190014,-10.997472
1232,-4.335213,-7.097057
1233,-3.6306744,8.637652
1234,-0.6833889,11.862499
1235,0.41512787,11.112858
1236,0.9921943,-4.045637
1237,1.9380645,8.623194
1238,0.91294825,9.655536
1239,5.804395,-0.6529514
1240,7.5467534,-1.3295593
1241,8.832428,4.820667
1242,4.7150736,7.2271166
1243,-2.8098497,5.7634478
1244,-6.833137,-3.4891086
1245,-3.9449408,-11.800511
1246,-6.3633823,9.43198
1247,-4.4432006,-13.373357
1248,5.035882,-0.8500053
1249,5.8606095,-1.3696065
1250,2.8210156,-5.0527177
1251,-6.428296,0.24111481
1252,-6.2009974,-3.8514163
1253,-5.58173,-4.476074
1254,-10.066692,3.2377512
1255,-1.2760391,3.2110476
1256,3.133471,-4.0864334
1257,0.042156294,-5.282802
1258,-4.1156354,8.574917
1259,-3.961323,7.3810034
1260,-0.645127,0.99758
1261,-3.261022,-0.06367203
1262,-1.8680252,3.9621058
1263,-3.679763,4.4321384
1264,0.5906603,4.7616596
1265,-3.9250038,3.806508
1266,0.29287574,-0.6938321
1267,2.931576,-0.8517753
1268,-1.4904903,9.579257
1269,0.6620562,-6.998315
1270,7.135509,-0.40316102
1271,7.18179,6.3403187
1272,6.6827235,1.6972729
1273,3.919351,1.653558
1274,5.0517745,2.99165
1275,5.1585693,-11.276115
1276,0.81062657,5.854644
1277,1.9478543,7.6344857
1278,9.290301,-9.862502
1279,5.7907534,6.0716777
1280,4.2525706,-4.347189
1281,3.0022326,-1.7452792
1282,-4.497013,1.422851
1283,-7.6508617,1.6873381
1284,-3.4430637,9.314172
1285,2.8722944,-2.8035789
1286,6.27449,-8.232438
1287,8.967285,-1.7734944
1288,3.655728,1.4231377
1289,7.646766,3.1504133
1290,5.321585,-2.5705314
1291,-3.1397393,-2.2020535
1292,-7.0821466,5.7680397
1293,-0.5334028,4.212269
1294,3.209987,0.1674821
1295,0.85601664,-0.1536961
1296,1.0103718,5.8009605
1297,-2.9967527,1.2023886
1298,-0.7402565,5.757179
1299,2.525389,-1.4019777
1300,-4.369538,5.90965
1301,4.6860476,-0.27100158
1302,5.9527464,9.22327
1303,3.9918566,7.0390916
1304,-5.3506794,0.81964374
1305,-5.3452716,4.2973266
1306,-8.26961,6.7139406
1307,3.051908,-8.031573
1308,3.048749,2.784597
1309,-3.2417676,-2.5576708
1310,-6.3305373,2.8541956
1311,-8.192343,2.4232593
1312,-6.1996894,6.9150167
1313,-5.4294353,7.9440684
1314,2.5304804,8.910169
1315,2.3810935,-0.9372269
1316,4.845973,0.42242074
1317,8.050986,1.4074943
1318,6.0877857,-7.8599854
1319,2.9125237,3.842298
1320,0.94689476,5.349367
1321,2.8468733,3.843826
1322,5.45016,-0.9811551
1323,1.4649446,-5.296054
1324,4.6535454,-5.2490296
1325,4.8715806,1.0094364
1326,4.527389,-7.339387
1327,-6.5238476,-2.5663953
1328,-6.815388,-3.4073071
1329,-5.921177,0.6477156
1330,-8.398036,5.1198072
1331,-1.7393516,15.01252
1332,1.6880405,-1.9691347
1333,0.682737,-1.9221692
1334,-3.3400943,5.1638737
1335,-6.7144985,0.8526323
1336,-2.9953032,6.437325
1337,-1.7439394,2.5874448
1338,0.63137794,3.9938931
1339,3.2568061,-2.260806
1340,1.62319,-0.13399775
1341,-2.589637,-3.5246787
1342,-2.107815,7.5185456
1343,-2.1267493,5.3455033
1344,2.4266932,-2.9739518
1345,3.4741814,-9.5317955
1346,1.4671218,7.7986383
1347,0.9682094,-5.2680664
1348,2.3750696,3.1078863
1349,5.7848334,2.9295037
1350,-0.3170587,-7.5048256
1351,-1.8414463,3.554279
1352,-6.366106,-1.6040765
1353,-0.2935108,7.090594
1354,0.6216122,-3.1798632
1355,-0.40644345,5.379009
1356,1.0773838,3.8529563
1357,0.31658363,-0.23407318
1358,0.34409627,0.9974237
1359,-0.8900956,1.2139635
1360,-1.4274439,6.450878
1361,-2.5596585,-5.236291
1362,-5.415138,-2.1149366
1363,-7.502116,4.1507277
1364,-2.895033,2.5976143
1365,-1.6416893,3.5369453
1366,-3.8130023,0.5456406
1367,-1.8127704,-3.0696828
1368,-5.6798625,0.71032286
1369,-8.45283,1.4093686
1370,-8.544103,3.4349246
1371,-8.19275,0.21703064
1372,-0.19211143,-8.373194
1373,0.30275154,4.19188
1374,-6.088689,0.39764586
1375,-2.246981,-2.1874728
1376,-1.6302003,7.77898
1377,-3.3782473,0.5688208
1378,4.7933683,-2.8547275
1379,1.1967764,7.617758
1380,1.8133672,-4.0679145
1381,-1.5642686,10.443581
1382,5.063802,-1.6448805
1383,3.6427057,0.40054908
1384,2.0523074,4.4295597
1385,-0.8196095,5.421202
1386,2.2024472,7.8217382
1387,6.2410455,-5.733414
1388,4.9255147,-4.6090617
1389,-3.056846,12.432241
1390,-4.6085253,5.5075283
1391,0.20397644,11.393113
1392,11.481812,-1.9913728
1393,11.46143,5.0164757
1394,11.703009,0.33829308
1395,9.56304,6.581574
1396,4.1865015,8.973433
1397,-0.9431823,4.332193
1398,2.9073224,5.6590376
1399,2.2313044,9.436455
1400,6.804419,2.1829128
1401,1.4604692,-14.295604
1402,4.6159835,10.3067045
1403,0.46542314,5.54677
1404,-4.074327,7.5577345
1405,-6.909237,-6.3430104
1406,-8.909535,-2.1058404
1407,-6.5669622,2.6361194
1408,-1.018864,11.615547
1409,2.5246603,4.1642222
1410,-3.8179426,-2.5432525
1411,2.4759078,3.7020123
1412,3.439776,3.2564688
1413,0.054519348,5.729379
1414,-1.1183128,3.9377053
1415,-1.9613037,2.1839845
1416,-2.9520419,1.1580434
1417,0.6597533,6.979701
1418,3.7053723,-3.8648667
1419,3.208516,2.850661
1420,1.1750991,7.756412
1421,-3.1160955,4.977775
1422,2.227183,0.8576841
1423,-1.0360886,2.4507859
1424,-0.662574,-0.30157754
1425,2.2816217,6.8894176
1426,1.3363806,3.4231174
1427,-1.3929454,1.8766563
1428,-3.196799,2.275889
1429,-2.4080963,2.7075806
1430,-1.7980081,-3.3959339
1431,-7.3548613,-1.5199851
1432,-7.22077,1.2417494
1433,-4.455652,8.423406
1434,-0.683185,12.346345
1435,-1.4942075,3.0862525
1436,-1.0162771,6.66576
1437,0.52308595,1.6182809
1438,2.6347609,-6.431369
1439,0.5639904,2.1925707
1440,-1.0343367,4.285036
1441,-5.1087317,-2.173171
1442,2.7095892,2.5970266
1443,5.4573665,0.69864637
1444,2.5871923,-1.4313369
1445,2.4711006,0.9886557
1446,-1.2250713,3.366104
1447,-9.177432,1.4307785
1448,-7.737161,-0.6040053
1449,-5.5709996,-1.3640757
1450,-3.0703368,1.5072135
1451,-3.6755793,3.5580862
1452,-4.290654,-0.5507327
1453,-1.918815,-1.074401
1454,1.328918,2.0087404
1455,4.7393975,2.4957724
1456,3.6203887,6.6090436
1457,3.530385,2.241882
1458,1.6017362,0.08477432
1459,0.4949833,-1.4049917
1460,4.1095767,2.1538444
1461,6.2249675,4.056447
1462,1.4882284,5.413043
1463,-1.3946428,3.4126394
1464,-3.4763813,-0.90097517
1465,-3.1216125,5.6003075
1466,6.4929285,4.578139
1467,8.514088,3.8903306
1468,6.7977014,0.987442
1469,3.9543862,-5.752259
1470,3.3144147,0.5082485
1471,-2.506253,2.9319527
1472,-2.8115156,-0.9523688
1473,-0.97568995,9.97219
1474,3.04765,-3.454698
1475,1.6288272,-1.7364355
1476,0.15580238,2.7252173
1477,4.691755,4.323693
1478,2.2410433,4.476739
1479,2.327142,3.2242386
1480,3.8383832,7.163682
1481,3.7986186,5.2399015
1482,1.0283762,6.007958
1483,-4.2291656,3.9266107
1484,-2.612553,3.543414
1485,-2.2327447,0.8475386
1486,4.5777826,7.7557163
1487,2.4865153,-7.06793
1488,4.630863,7.1149616
1489,-5.0136957,-0.6644443
1490,1.6900699,6.9220095
1491,4.873753,1.2304523
1492,4.228144,4.0389466
1493,-1.1415398,4.3931127
1494,1.7309082,4.4626293
1495,-1.9613204,3.6386657
1496,-0.7135048,3.4499335
1497,0.8772299,6.3132305
1498,1.6397104,4.9825854
1499,-1.5114383,0.45366517
1500,-5.998963,3.1793127
1501,-5.971702,1.077006
1502,-4.525117,3.9192846
1503,8.030541,0.9554939
1504,8.760124,7.3213515
1505,4.373054,-4.0726056
1506,1.9475864,5.894678
1507,0.60358995,-5.128331
1508,-1.5829548,4.748892
1509,5.08323,2.5657892
1510,8.750386,3.5794032
1511,7.321369,-3.4544659
1512,7.84765,-1.7919023
1513,7.696038,5.5276623
1514,3.2244756,-0.15779053
1515,-7.313258,-7.197873
1516,-7.7371583,5.447456
1517,0.4292946,2.1698487
1518,3.577885,10.897091
1519,9.914448,-7.0181236
1520,8.867041,-2.276793
1521,2.098817,-0.4746875
1522,2.6284573,1.0534265
1523,5.856261,5.570482
1524,5.3498583,-1.9830676
1525,4.40269,0.7142038
1526,-6.984462,0.63261443
1527,1.606409,1.5825753
1528,12.580221,0.86811644
1529,6.297937,4.0832286
1530,-5.073886,-7.2093983
1531,-0.020440979,2.8554482
1532,8.112789,1.1962506
1533,7.579575,3.9499068
1534,4.5295806,-2.224595
1535,3.7283878,-2.5695808
1536,4.3608437,1.1334927
1537,8.131746,-0.39982745
1538,3.2532423,5.418689
1539,-6.510468,1.8716146
1540,-6.6169033,-8.596529
1541,-6.488739,-6.900966
1542,-1.9631212,6.478028
1543,0.5326735,-0.89710325
1544,8.455437,-0.5354908
1545,-2.3769143,-6.542295
1546,2.1285496,2.826339
1547,2.5895176,2.5619323
1548,-2.9430876,2.206154
1549,-6.898566,3.6914082
1550,-6.001777,-1.218094
1551,1.3888474,8.615399
1552,2.1654882,4.14054
1553,2.838465,2.615072
1554,2.0688603,5.8989863
1555,0.87108594,3.08971
1556,3.5916297,1.45773
1557,5.6800733,0.73077613
1558,-0.0361342,3.5647151
1559,1.7316896,4.387561
1560,4.1404896,5.2383842
1561,6.6768456,3.0871015
1562,7.244319,-0.374985
1563,2.6104357,3.8869767
1564,-2.9467216,0.14789982
1565,-4.2939405,-1.6657213
1566,-6.619272,5.7527423
1567,-5.756538,5.068549
1568,-4.587133,7.2600136
1569,0.07207131,10.439594
1570,4.563496,-1.8026705
1571,9.753939,2.926689
1572,7.6125503,3.3073614
1573,6.9433274,5.203705
1574,6.732247,3.7615147
1575,-3.963977,-1.8672484
1576,0.3735195,8.443863
1577,6.9752846,2.402761
1578,8.155175,-0.038569793
1579,4.41401,-2.2728896
1580,-0.49063683,1.5313115
1581,-5.901102,1.0318198
1582,-6.41776,5.1413403
1583,-6.199549,-0.38058776
1584,-3.9328613,-3.4233973
1585,2.4603283,9.251307
1586,3.4136786,3.1213038
1587,2.8604577,3.9200912
1588,2.661278,1.1613444
1589,5.8741474,0.2956806
1590,5.0140133,4.2390437
1591,-2.7771595,0.766268
1592,-8.454511,2.6169918
1593,-8.438098,5.513232
1594,-3.8483014,3.9206686
1595,3.2881598,-2.2688856
1596,6.3600984,3.6441782
1597,-2.5020742,3.39647
1598,-2.2976146,3.8607585
1599,-0.871857,6.564318
1600,-4.7516575,-3.1830945
1601,-1.0929879,3.71076
1602,5.361657,6.40824
1603,11.408694,1.8038476
1604,11.205967,1.8374164
1605,7.467177,0.26316318
1606,4.5647936,6.8141785
1607,-4.6572347,2.0955245
1608,-6.4309707,3.540923
1609,-6.1482544,0.41513076
1610,-0.6915436,6.2162714
1611,9.898697,3.1099737
1612,3.3187966,4.4672685
1613,-5.2682543,-0.25251487
1614,-4.175754,1.2510072
1615,9.394958,9.280474
1616,10.838093,3.0302284
1617,9.800188,2.375839
1618,8.32061,4.9530864
1619,0.909906,-1.5993422
1620,-6.112287,-0.48105422
1621,-7.0694623,2.943234
1622,-7.338629,2.3467703
1623,-7.567932,0.7077059
1624,-1.8287354,3.9468553
1625,5.7111583,-1.5725132
1626,4.66853,9.102274
1627,9.072343,2.8327744
1628,8.984227,0.5128649
1629,9.350021,4.435271
1630,9.823079,-3.7853727
1631,10.367504,-0.3647352
1632,5.2295475,2.8265727
1633,-1.0720973,0.064171985
1634,-3.1590197,2.5429237
1635,-2.5350397,4.3087187
1636,1.4189191,-1.0706583
1637,-1.0949773,-1.9292992
1638,-4.3619967,3.067008
1639,-3.427394,5.642971
1640,-4.828046,1.8618577
1641,-7.5725236,-1.2419602
1642,-4.8749266,3.0591419
1643,-6.492267,4.1886034
1644,-4.0132003,-6.6572747
1645,-1.0887885,-5.1324034
1646,-7.225205,-1.1486366
1647,-3.2173681,7.6546946
1648,1.0313064,7.261965
1649,-1.3666909,10.294492
1650,-3.9270737,-0.25553808
1651,-2.685781,7.35453
1652,-4.7795696,4.88514
1653,-1.3293142,3.5249147
1654,7.102263,3.8951762
1655,7.4198346,4.350889
1656,2.616636,5.0536895
1657,0.0039004516,6.581285
1658,3.3257217,-7.2041655
1659,4.032576,-6.03696
1660,2.9026623,4.16698
1661,-5.600581,-2.9055026
1662,-4.3423877,2.554302
1663,1.1109965,4.900338
1664,1.9744315,5.778418
1665,-1.4759947,0.45197815
1666,-6.1595845,-3.2538798
1667,-4.1998377,1.0253458
1668,-6.30719,-1.7030365
1669,-2.1389785,2.2412207
1670,-4.5053325,0.7152162
1671,-8.468144,6.100751
1672,-4.30086,-2.1213748
1673,-2.585025,2.18802
1674,-2.0585535,-3.0110765
1675,-1.7983794,-1.9926276
1676,-2.0989776,-2.717384
1677,-3.0425498,-1.088077
1678,-4.8551927,-3.4590876
1679,-3.1778305,-1.7280105
1680,-3.2945201,-0.20123637
1681,-0.9034051,-0.3658246
1682,-3.638847,6.8081436
1683,6.9563003,6.1582766
1684,7.5442853,-0.1795848
1685,5.778957,0.09180245
1686,7.0515747,3.1638842
1687,-1.8303739,6.630328
1688,3.8366985,3.927543
1689,5.4409394,-6.39527
1690,6.612932,1.3993381
1691,8.644564,1.7631125
1692,10.585661,0.9768166
1693,10.062594,-2.7081146
1694,5.880947,-6.631548
1695,5.649503,-2.5787957
1696,6.1449547,-4.162724
1697,-0.3721826,2.3551116
1698,-0.76908594,2.2876644
1699,2.5766504,1.1359799
1700,4.715203,3.0640419
1701,9.343066,3.8705654
1702,8.572204,-0.6171706
1703,8.7241,-2.8653686
1704,1.2450538,-4.370961
1705,-3.249103,-5.633804
1706,-0.9339074,-2.3939953
1707,-1.0761251,6.615796
1708,-4.0353146,4.772851
1709,-4.9570823,-0.3122702
1710,-2.1270306,0.44052085
1711,-2.2585397,0.08901952
1712,0.60781395,3.152319
1713,4.880148,5.553351
1714,2.2762656,6.4477954
1715,4.4760976,4.1192126
1716,2.5661657,2.0715132
1717,2.8630693,0.9330958
1718,4.727705,3.3697546
1719,2.323905,3.8453026
1720,-2.3054626,0.71971005
1721,-0.5044534,-0.29566637
1722,-2.1499474,3.2445996
1723,-2.229054,-0.7110851
1724,-1.3600988,2.5434186
1725,0.08149689,8.583304
1726,4.0330396,10.71494
1727,8.463022,-0.8991801
1728,6.9240093,10.315739
1729,6.199491,6.857246
1730,-0.6758305,5.4178863
1731,-0.20039131,4.1986613
1732,3.3603928,4.982718
1733,-0.40892372,4.592832
1734,-2.2853813,0.6540777
1735,-5.5591493,-0.22068185
1736,1.7218701,4.2634206
1737,8.6439495,1.9636562
1738,5.3896594,7.2110224
1739,1.1226879,0.9863012
1740,-3.4498053,4.2902937
1741,-3.5094059,-0.6229986
1742,5.3678074,-6.207428
1743,1.0225453,5.1065435
1744,-2.8754182,2.041416
1745,0.59598106,1.301555
1746,0.97096616,-1.911367
1747,0.056357246,2.6208773
1748,-2.5918317,2.8483145
1749,-3.8082485,-0.018893661
1750,0.26266024,4.4480963
1751,4.4695783,1.9806623
1752,4.4772243,-2.0374508
1753,0.10120277,6.553291
1754,4.694161,1.0069607
1755,6.185824,0.8749742
1756,5.2181334,1.673541
1757,-1.9796805,4.0269027
1758,-3.1568604,5.147341
1759,-4.3718066,4.075009
1760,0.01886963,3.5903692
1761,2.015392,7.4406333
1762,0.9674225,7.225491
1763,2.82026,6.7315907
1764,-3.222569,-7.872685
1765,-0.6165342,-3.1425757
1766,0.91020876,6.653999
1767,1.288371,4.7536287
1768,2.1433287,-4.412308
1769,4.58493,9.5274
1770,5.0005198,4.3393626
1771,6.043087,-1.9812137
1772,-1.3155993,-3.8142166
1773,-5.542901,-1.004782
1774,-4.526562,2.6497478
1775,-8.320659,0.96655214
1776,-8.164842,1.2584434
1777,-1.6782001,5.431107
1778,1.5665115,7.174142
1779,5.044352,0.28209838
1780,4.080773,-4.7535233
1781,-3.6146908,-4.624025
1782,-1.1413972,10.225182
1783,3.9596465,-0.6026077
1784,6.0175295,3.0614357
1785,1.6190106,0.785115
1786,-0.8201536,6.09041
1787,-5.499042,4.1943192
1788,2.213309,-6.25216
1789,1.2493793,-1.4106498
1790,-2.25069,4.7623806
1791,3.3711202,2.7695057
1792,8.676604,0.60498375
1793,3.7647274,-2.3086705
1794,0.745489,-1.649948
1795,1.7598932,-1.0755094
1796,-3.4349868,7.099753
1797,-2.3819916,0.9906459
1798,4.4241576,-10.807889
1799,4.8308935,4.724419
1800,-0.5323738,0.50967604
1801,-0.43607098,6.7388268
1802,-1.3276352,-4.4537215
1803,1.5417105,6.869136
1804,6.7424994,-11.0311165
1805,3.904617,6.0090375
1806,2.8510883,0.6260073
1807,-2.018813,-0.35096085
1808,-1.7843579,4.831503
1809,-6.933202,2.7232363
1810,-7.367065,5.249259
1811,-5.1341286,-1.1718405
1812,2.840872,-0.20802723
1813,4.657766,3.26909
1814,5.223827,-2.3616016
1815,2.4873059,-0.9741431
1816,3.0548801,-6.075551
1817,-2.0060658,6.3753324
1818,0.2823426,-0.38405433
1819,2.5675595,-2.1715214
1820,7.7188425,-3.1854923
1821,2.8975878,-0.7423311
1822,6.9923286,2.3672352
1823,3.258508,0.8577153
1824,-7.402369,8.793771
1825,-7.0685887,-4.5378175
1826,0.43980208,8.42294
1827,4.7995358,1.1378868
1828,3.216738,4.6625843
1829,9.38551,4.2362
1830,6.578746,-2.103821
1831,6.8057084,-0.96779555
1832,-7.2667804,5.60174
1833,-6.065368,-3.1582322
1834,-0.8075377,4.9547386
1835,-0.25454834,-3.468629
1836,4.9814906,4.066805
1837,7.58613,-0.99746156
1838,-2.9293852,6.251847
1839,-2.478286,6.9723377
1840,1.3093503,-7.0242066
1841,5.2542224,3.9365973
1842,5.9575434,0.8727524
1843,5.4777565,-6.3976955
1844,4.515937,2.2669306
1845,-0.6101008,-4.1540694
1846,-2.070826,-5.8163037
1847,-5.6850433,5.440975
1848,6.402069,-3.0504596
1849,7.1468205,-5.3671703
1850,8.970563,2.2655547
1851,8.093557,-0.31678468
1852,-4.6301923,-0.41117707
1853,-6.9607453,-2.2323153
1854,-2.915184,-5.9200835
1855,3.1557407,2.5090618
1856,6.665404,9.9705305
1857,3.053269,0.040934708
1858,0.8821386,0.93321306
1859,1.8695467,1.2287993
1860,4.11168,0.49360573
1861,-1.427803,-2.5630994
1862,-0.500087,0.79416394
1863,-3.9365783,-5.4722447
1864,-5.2500763,3.641512
1865,-4.722032,-2.4077735
1866,1.4931444,6.8196797
1867,2.9697332,-1.659934
1868,2.6699872,0.6368837
1869,5.401155,-5.931137
1870,6.585876,11.0330925
1871,-3.2190356,-4.5666137
1872,-2.3901238,5.3730693
1873,-0.40927643,3.3106165
1874,-1.9388846,3.4128387
1875,-6.788739,-2.2125058
1876,-2.8174348,6.9164066
1877,2.5496469,-7.6441326
1878,1.5058135,3.9626174
1879,-0.47861192,2.5741682
1880,0.6059623,-0.4091529
1881,0.2469513,2.5095055
1882,-2.856123,2.2375438
1883,-2.840735,2.452184
1884,7.7464647,3.035058
1885,8.405072,0.182733
1886,7.5000367,-2.359303
1887,8.559805,-4.7686863
1888,-3.357826,-4.116724
1889,-6.225619,-1.4016948
1890,-8.686968,-9.2093725
1891,-7.18319,0.34614608
1892,-3.6573594,5.0668015
1893,7.142096,-0.4913983
1894,6.2783093,6.073987
1895,4.2829113,3.791678
1896,6.478276,-5.3556848
1897,7.2847834,-4.2084327
1898,4.4115343,-4.3989325
1899,7.6301637,-6.40544
1900,11.195115,-2.2404723
1901,8.18448,-6.059572
1902,9.392479,5.5431066
1903,-8.016938,1.5185547
1904,-13.036313,-5.398915
1905,-13.350886,-7.2827806
1906,-13.268211,-11.502986
1907,-11.179253,-3.4754767
1908,-5.890294,7.463209
1909,-7.4496303,5.1815977
1910,-9.941931,-5.497766
1911,-7.9301367,-3.6247218
1912,-9.039402,-5.5555654
1913,-1.5236021,-0.09372299
1914,6.983191,-3.747346
1915,8.949265,7.5044856
1916,6.660039,6.4382463
1917,-1.4095486,3.2798965
1918,-9.209417,0.31280777
1919,-9.160131,0.2893923
1920,-7.023604,-6.8584023
1921,2.288866,3.9960456
1922,3.961645,-5.0712786
1923,4.53032,3.5559433
1924,-2.3438697,-1.5899789
1925,-8.2519045,1.497815
1926,-1.4537649,-3.2255032
1927,7.0671687,6.597362
1928,2.6689641,-3.6584003
1929,-0.48773232,6.0948343
1930,-1.7694682,-7.1418347
1931,-0.3192703,1.8685359
1932,-4.8847084,-1.133783
1933,-5.2920094,2.3969972
1934,-2.1271071,6.9161763
1935,0.7410306,-2.864235
1936,6.314009,4.458704
1937,3.4296765,-5.877019
1938,2.9105194,5.5148563
1939,-2.697757,-7.875861
1940,-3.6261303,5.9609065
1941,-8.71869,-5.4181275
1942,-7.5938134,4.0446
1943,-3.7105122,1.9449325
1944,-2.2513924,-6.3609657
1945,5.478779,-2.49395
1946,0.21444061,0.71768945
1947,-4.9492416,5.1966414
1948,-9.405318,-1.3540475
1949,-3.9456167,3.1692617
1950,-1.9248432,6.355593
1951,6.4858007,-5.9362535
1952,7.7367005,1.0201149
1953,7.0393505,1.3167658
1954,1.0666754,3.413667
1955,0.65431595,5.1677833
1956,-2.2775366,-5.4259243
1957,1.2284213,0.8488402
1958,8.816289,-1.0113667
1959,6.3357224,-4.2014995
1960,-2.4087052,2.550224
1961,-9.135624,0.76532257
1962,-1.8165314,4.559332
1963,0.79221404,-7.671145
1964,2.7105095,2.1041598
1965,7.911941,4.036691
1966,6.674983,-9.030967
1967,7.2424717,-2.1718752
1968,5.5046115,6.858403
1969,5.2164326,-0.40768355
1970,4.1286373,6.663078
1971,-0.8230804,-8.504753
1972,-6.504936,-1.307271
1973,-7.797962,2.5603013
1974,-6.643887,1.5345733
1975,-6.2273517,4.760792
1976,-0.007999806,-8.133309
1977,-5.1437364,-9.53207
1978,-2.9265664,6.737544
1979,7.579898,-8.367901
1980,-4.5254498,1.4583766
1981,2.1650944,2.353207
1982,4.3686776,6.173627
1983,1.8440777,-0.26010835
1984,5.137732,4.1045556
1985,4.1646113,3.095218
1986,-4.621765,-1.7582462
1987,-7.71209,-1.7201422
1988,-4.323408,6.068148
1989,-0.50564516,8.270449
1990,-3.9976468,3.2985687
1991,1.5630369,-9.043714
1992,5.7448626,-4.7532873
1993,6.1647153,3.8792624
1994,-3.4862235,3.4602523
1995,-1.8872167,-4.3867335
1996,-0.18178277,-7.3833714
1997,1.8798496,4.924577
1998,-6.557527,1.6456696
1999,-5.1864514,-4.557991
2000,-6.6449795,0.3404457
2001,-8.603056,1.9898683
2002,-3.4212918,-3.3229265
2003,-1.3401446,-2.5181496
2004,-2.9843335,-0.9563838
2005,-3.3182886,-2.7794368
2006,-3.596861,-1.0686789
2007,-0.264793,4.3033447
2008,-2.723452,3.1775541
2009,-0.17352507,2.317827
2010,2.974035,0.8965927
2011,1.8009533,-0.8858594
2012,1.2622813,3.483447
2013,0.4940033,2.343519
2014,2.4568856,-4.4260936
2015,5.5890727,-0.7372965
2016,4.929216,1.9932926
2017,1.479006,-9.680779
2018,4.8130507,0.27797005
2019,7.349746,-1.6844001
2020,3.9301398,0.06999764
2021,2.8551593,-4.5918956
2022,-0.24656339,-2.6209958
2023,-0.8268904,2.0437264
2024,-1.5878681,4.730175
2025,-6.5080504,3.351364
2026,-7.502016,0.08469063
2027,-1.737969,-3.9280438
2028,-1.0605811,-5.4604974
2029,-4.0922985,-4.024194
2030,-6.455669,-0.662431
2031,-1.4736924,6.4699254
2032,0.44692084,4.4323554
2033,4.5255804,4.4241285
2034,-0.18446514,0.24500695
2035,-2.4727507,1.6718738
2036,-2.5483916,3.6127887
2037,1.2079668,1.1451311
2038,3.9139218,-0.9812944
2039,3.469164,6.984382
2040,2.881156,5.5911193
2041,4.0874887,1.9856379
2042,0.4212642,4.9381456
2043,-2.7893713,1.8658187
2044,-4.7807026,-1.1911758
2045,-6.4394684,-0.82605845
2046,-5.33904,-1.5058469
2047,1.3436005,0.5559075
2048,5.2040877,4.879905
2049,7.5805073,4.2808504
2050,7.5790267,2.796076
2051,5.707691,1.3814741
2052,2.9536104,0.6073515
2053,-1.9628164,0.8777692
2054,-0.21661416,-1.7449795
2055,2.6946087,-2.485138
2056,-1.7060328,0.065912075
2057,-4.242928,-1.2754409
2058,-5.2138314,2.639122
2059,-5.3130116,-0.057302095
2060,-4.3424716,-5.8747735
2061,-4.303458,-6.0850587
2062,-4.2997904,3.4140341
2063,-3.2220297,2.1187246
2064,4.993718,0.75453424
2065,4.3645267,-1.7064984
2066,2.8711572,-1.3441799
2067,-1.3488203,2.8921163
2068,-0.3863624,0.6757033
2069,2.4721835,1.2041066
2070,3.9606977,0.42874503
2071,7.992129,0.40008676
2072,8.8618765,-2.5877128
2073,8.327468,-1.4581733
2074,8.784346,-3.0774086
2075,7.718748,-0.7076695
2076,6.0630317,1.2943649
2077,4.309894,1.9327359
2078,2.6017992,1.0509466
2079,5.0721016,-2.222765
2080,8.201458,-0.70878464
2081,7.458306,-3.1955643
2082,5.5419884,-1.4909558
2083,1.1464576,-2.0347347
2084,-1.5928661,-0.88352966
2085,-0.7459493,-1.3021334
2086,2.2510679,-2.4856339
2087,1.4364145,-7.8896637
2088,1.2813709,-5.2013073
2089,0.8419437,-4.7628903
2090,0.78250885,-2.0380156
2091,0.83854485,-0.56975335
2092,1.0925748,-0.74984354
2093,0.7367151,0.121122606
2094,1.1980438,0.92329574
2095,-0.00036592485,1.0662858
2096,-0.99500257,1.2836092
2097,-1.572547,1.1232977
2098,-0.3010951,0.58301675
2099,-0.02973009,0.36937588
2100,-0.6089108,1.054908
2101,-0.81329155,0.9062306
2102,-0.73891807,1.1809266
2103,-0.87213224,1.0618482
2104,-1.270217,1.1133496
2105,-0.74459624,0.9853265
2106,-0.17456137,0.7174662
2107,-0.5375502,0.4986004
2108,-0.3198937,0.39045033
2109,-0.5666738,0.44481277
2110,-0.017970791,0.08467352
2111,0.105000325,-0.35854748
2112,-0.04649557,-0.48124793
2113,0.42246726,-0.43640128
2114,0.3723188,-0.038461722
2115,-0.021365432,0.09058806
2116,-0.54930145,0.04224457
2117,-0.13262983,-0.10257374
2118,0.2680059,-0.008875332
2119,-0.010499783,0.09295361
2120,-0.02353445,-0.08750139
2121,-0.08379675,0.21129902
2122,-0.056620713,0.08613247
2123,0.09637249,-0.05539011
2124,0.047412682,0.009249163
2125,-0.077498645,0.08961094
2126,-0.19058383,0.15996797
2127,-0.15246888,0.22337818
2128,-0.2711277,0.39826706
2129,-0.034405842,0.22936939
2130,-0.1980982,0.41478238
2131,-0.32315323,0.33924615
2132,-0.05678705,0.26573148
2133,0.11490498,-0.038743686
2134,-0.102607004,0.08794755
2135,-0.15155786,0.11238874
2136,-0.10896509,0.06043973
2137,-0.09183884,-0.11645361
2138,0.033404466,-0.1474699
2139,-0.096558325,0.40733504
2140,-0.17752402,0.092993125
2141,-0.0484877,0.44343883
2142,-0.53859675,0.36218223
2143,-0.48260507,0.5789518
2144,-0.27941903,0.36885613
2145,0.016263543,0.32055184
2146,-0.21554403,-0.0056382846
2147,-0.05873991,-0.14900057
2148,0.20932457,-0.33583215
2149,-0.0009185791,-0.26361358
2150,0.039365996,-0.026266193
2151,0.13227086,-0.23170081
2152,-0.06258693,0.12125891
2153,0.27647153,-0.1557491
2154,-0.26630083,-0.01949462
2155,0.13750444,-0.0911742
2156,0.22432873,0.04222431
2157,-0.16242696,-0.05071086
2158,-0.115884855,-0.166386
2159,0.5576707,-0.1562991
2160,-0.23250552,-0.2800624
2161,0.27013156,0.055043582
2162,-0.37910056,0.10886466
2163,-0.0045788195,0.120140746
2164,0.12747842,0.14994583
2165,-0.22699562,0.25125778
2166,0.18438525,0.07807047
2167,0.9722029,-0.60165805
2168,2.2949712,-1.0511277
2169,1.4333711,-1.8141464
2170,0.7224002,-1.4515299
2171,-2.8622978,-1.4001365
2172,-6.738704,0.5196922
2173,-8.076419,-0.26356807
2174,-7.0781145,-4.207901
2175,-4.1248407,-6.803532
2176,-7.7116046,6.1330347
2177,-6.6649327,-0.7560343
2178,-6.412959,5.366521
2179,-6.4876127,2.172065
2180,-2.5305943,3.6550217
2181,5.731858,-4.8820343
2182,-0.06705101,4.574494
2183,-4.834619,6.7815056
2184,3.0013125,7.824425
2185,8.390384,2.068114
2186,9.095349,0.75391287
2187,-0.27007836,2.1152167
2188,-5.8775177,-0.43456444
2189,-7.1167846,-0.9968575
2190,-6.2350335,-0.7650673
2191,-7.5139246,0.29904586
2192,-7.889773,-0.43487975
2193,2.7202291,1.2471577
2194,9.706436,0.120967634
2195,8.371337,-4.2269926
2196,8.509802,-1.3703682
2197,8.469225,-3.2171545
2198,8.871308,-3.0457575
2199,7.522762,-4.4160733
2200,-2.8150146,-4.5330186
2201,-7.3846583,-2.3277965
2202,-6.7371926,0.103212416
2203,-7.830984,-2.3870685
2204,-0.71742964,-0.44273064
2205,9.774528,2.3581018
2206,11.694636,0.8628335
2207,11.238371,-1.5072986
2208,12.620552,-0.0722543
2209,9.83934,2.2737467
2210,10.527787,1.5005535
2211,1.4709566,2.37343
2212,-4.9146385,6.7406855
2213,-7.336388,5.658182
2214,-6.8502684,3.9697819
2215,9.060018,1.5525444
2216,8.312668,-4.974964
2217,7.515344,-7.535383
2218,6.4902697,-8.786263
2219,5.3418584,-3.3356626
2220,9.180021,6.7422066
2221,-3.3351557,-0.2311312
2222,-6.97982,0.5495419
2223,-5.61152,2.5595047
2224,-8.373718,-2.9658084
2225,-9.362972,1.1707752
2226,-9.347161,-3.9613671
2227,1.3463706,3.9470696
2228,-2.917999,4.572688
2229,-3.7521143,0.46575814
2230,-5.837341,-5.7377076
2231,-7.618663,-2.8288944
2232,-5.220061,-6.3121924
2233,-2.1221347,2.3745835
2234,-3.0572524,-1.64152
2235,-2.180479,0.9333113
2236,3.8248541,3.0788147
2237,5.6345763,1.9103774
2238,4.5021443,2.2449775
2239,2.026506,-0.662397
2240,-4.599004,-0.7866145
2241,-8.337447,0.7458433
2242,-6.470758,0.6534221
2243,-6.041504,3.112633
2244,0.58603156,4.327693
2245,7.3179073,-1.654197
2246,7.136821,1.5911983
2247,2.839171,-0.7510362
2248,-3.2520826,5.832776
2249,1.1866931,4.231451
2250,6.2147727,8.290996
2251,6.9669085,4.515045
2252,8.55544,1.4012125
2253,-3.7580104,2.1207678
2254,-5.332268,-0.28869632
2255,-2.9613152,4.5207376
2256,-2.6000385,5.276841
2257,1.578017,2.1237998
2258,2.8378096,-2.0465984
2259,4.6545744,5.724563
2260,3.37558,7.196234
2261,-0.38125545,1.635789
2262,-6.2682533,0.8950541
2263,1.8833445,2.4816458
2264,6.300205,-0.72063357
2265,8.46628,-2.1423528
2266,6.690539,1.84806
2267,-0.0011638642,3.6728942
2268,-4.43293,-2.4599986
2269,-3.9632757,-3.886079
2270,-7.594924,-5.2922955
2271,-2.1146712,4.304108
2272,-2.9204533,5.002575
2273,7.7019496,-6.967909
2274,7.83716,-4.9208508
2275,1.2446686,1.0507736
2276,-1.452591,4.105963
2277,-6.642607,3.4150896
2278,-7.122443,-4.971213
2279,-4.3392076,1.7808636
2280,7.0074697,2.0418928
2281,8.111714,-4.187911
2282,6.9504356,-1.2329465
2283,2.0529037,-5.9435134
2284,-4.5047264,-1.1165696
2285,-5.936549,-0.6421537
2286,-7.241145,1.7559648
2287,-5.6191063,2.896811
2288,0.91621315,2.177395
2289,4.791532,3.1228526
2290,2.427224,4.0534787
2291,2.534973,-7.75026
2292,1.4128553,-8.231463
2293,-2.5094256,0.009070673
2294,2.4445324,5.715989
2295,2.4818509,4.6037235
2296,-0.06324432,-8.32368
2297,3.6215134,-5.4758983
2298,1.6467712,2.5121698
2299,-1.8948752,5.025404
2300,-3.1287122,-6.92214
2301,0.14282425,-7.2237797
2302,-5.12542,6.1654806
2303,-5.2947865,1.3401638
2304,2.5131185,3.987018
2305,5.1399837,1.1221085
2306,6.763536,-0.12080826
2307,7.096836,-2.1205893
2308,-4.723288,-0.36917168
2309,-5.1201153,2.098102
2310,0.9599903,-1.8078964
2311,3.5478497,-2.8995862
2312,-0.45674852,4.8972206
2313,-0.6182601,0.45621508
2314,-0.3973604,6.321487
2315,0.48848668,3.1375575
2316,4.979523,0.91097426
2317,5.9658318,1.7452682
2318,6.1127443,0.9748271
2319,7.3806415,-0.799937
2320,5.33781,-1.5065149
2321,6.161396,-4.733056
2322,5.5904803,-0.116613664
2323,4.5117927,4.7405643
2324,-1.4317197,2.067018
2325,-0.9505708,1.0000798
2326,-2.0253484,1.179483
2327,-6.128176,3.5539386
2328,-3.4946582,3.0249238
2329,6.02552,-3.9254072
2330,10.550854,-2.1818197
2331,5.583639,-4.808485
2332,7.1620317,-1.5763799
2333,-1.0313063,-1.8128303
2334,-5.5682073,0.5436728
2335,-4.970024,4.4927096
2336,-3.744368,5.12214
2337,3.9902663,2.3915632
2338,4.079999,3.8376799
2339,3.1922889,-1.7341318
2340,-0.77747834,-3.462131
2341,-0.8223617,5.8247614
2342,-0.92392683,3.7657976
2343,-1.9051502,1.584915
2344,4.1008515,0.16255558
2345,9.592633,0.76396173
2346,7.3373647,2.7322714
2347,7.112811,-4.0673084
2348,-5.6360207,4.5448623
2349,-3.0275388,3.728275
2350,-1.1479933,3.4158022
2351,2.081081,-2.9487512
2352,3.0102623,5.217227
2353,-4.8614907,2.1165257
2354,-4.1809254,0.3168512
2355,-5.5629973,5.657427
2356,-5.826078,0.6610394
2357,2.0374844,5.1753325
2358,8.528871,5.8679247
2359,5.7595716,3.7047818
2360,-1.6494997,5.9790473
2361,-6.1552796,-0.384842
2362,-3.0723333,2.5510268
2363,3.3275669,7.1978893
2364,3.4914227,4.4885426
2365,2.9577448,2.1501796
2366,3.4216387,3.4735901
2367,-4.9831667,1.4831009
2368,-4.788548,2.4489627
2369,-5.5029607,-0.114177324
2370,-5.3360925,1.6099973
2371,-1.1972737,4.4942665
2372,5.9995985,6.2836766
2373,6.5308976,-0.73059493
2374,4.3722754,2.2658205
2375,-5.039186,-0.65651864
2376,-2.748462,5.540774
2377,-3.4888003,0.8960773
2378,-4.818382,2.2775295
2379,-3.055763,2.3106878
2380,1.2054553,3.17178
2381,2.6028583,2.784847
2382,1.349901,2.6504765
2383,-2.9414752,4.0437303
2384,-3.6296146,1.3218311
2385,-3.8387983,4.453584
2386,-0.22987129,1.5858567
2387,-1.5209694,-0.0077502443
2388,-2.19104,5.3225923
2389,-3.3143137,5.0099535
2390,3.3262086,0.7078308
2391,4.78051,-1.8317696
2392,0.42472747,2.4818206
2393,1.2220008,8.335697
2394,-1.5285791,-7.3333645
2395,-2.807683,-5.4516006
2396,-5.242242,3.181064
2397,-4.186584,4.1806865
2398,-3.4780576,0.5784579
2399,0.86312455,-3.1786895
2400,4.800012,3.1646013
2401,4.6412325,4.973947
2402,1.8869431,4.172738
2403,-1.0277101,2.7361274
2404,-0.742316,-1.5159646
2405,-0.7177791,2.5675561
2406,0.5779394,7.241089
2407,-0.12908547,-3.14591
2408,-1.8683826,0.3427467
2409,0.8913752,2.0236216
2410,-5.370423,2.1318328
2411,-4.4092474,-0.2481342
2412,-3.5601697,0.9504297
2413,0.44640312,3.1119993
2414,-0.28900692,0.57802427
2415,6.0309143,5.450574
2416,0.03698376,3.867868
2417,-3.1766224,0.14972699
2418,2.0789742,6.5888453
2419,6.6743255,2.7206202
2420,3.187045,2.5613291
2421,4.2957234,2.896102
2422,-1.0152763,1.4762743
2423,-3.5370622,1.306167
2424,2.05708,-0.48998412
2425,-4.9904823,0.78841037
2426,-3.926871,4.9927006
2427,-2.8149478,4.168888
2428,-3.3233442,2.075675
2429,-4.029796,0.5489304
2430,-3.6857762,4.467898
2431,3.052708,3.1748266
2432,5.9472814,-0.46414843
2433,4.0037093,1.2634268
2434,2.9527123,5.208457
2435,-1.0684628,5.469835
2436,-3.4645953,0.2917937
2437,-5.152732,-1.556588
2438,-0.41100815,3.9774978
2439,0.04766983,4.7153916
2440,5.1362395,5.0048738
2441,-0.3318071,-0.17487484
2442,-5.945352,-2.7494824
2443,-2.5955622,5.6387
2444,0.19261223,-0.44549015
2445,-3.6180253,-1.5686334
2446,-4.7262993,2.8530364
2447,2.0405,3.2883773
2448,4.1031685,2.4361062
2449,0.93863183,-0.0065285494
2450,1.3340307,-0.29276875
2451,4.5663276,3.9571307
2452,-2.1097732,1.4155942
2453,-5.8350544,1.2701603
2454,-4.2187614,1.3265802
2455,-3.7699184,3.714406
2456,0.57441443,-0.120905325
2457,7.6231203,2.0667343
2458,6.38249,1.0926708
2459,3.4555254,3.3994062
2460,-1.5660797,0.5132007
2461,-4.2623506,1.8985802
2462,-3.0520992,-0.34467235
2463,-4.6648426,2.0922365
2464,-2.9492154,0.8630658
2465,-1.6694831,2.9006243
2466,-4.709495,0.52164924
2467,-3.9216647,1.4907771
2468,-2.413858,1.5267335
2469,-3.8145864,1.4206243
2470,-0.8538163,2.2488039
2471,-2.405219,0.571539
2472,7.442743,1.1880826
2473,6.231594,-0.28944147
2474,0.72712374,-0.43324202
2475,2.1287885,3.6228304
2476,-1.6692456,-0.18852288
2477,-8.011643,-2.7632565
2478,-7.906082,-2.4741018
2479,-6.9817157,2.1034749
2480,-5.265731,1.2896576
2481,8.935321,-1.0809927
2482,6.9952874,4.7506022
2483,7.258691,5.096393
2484,1.1250714,2.890081
2485,-3.8957472,-1.3675293
2486,-3.3042123,4.444659
2487,1.1377667,0.9177742
2488,-3.6582487,4.629275
2489,5.160635,1.4054986
2490,5.36756,-0.4048204
2491,4.2665715,-6.572085
2492,2.1513805,5.507296
2493,0.20261353,0.5494968
2494,-2.886551,1.6488129
2495,-0.9878974,0.96115744
2496,-2.8461442,-0.84941924
2497,-6.141033,0.31710884
2498,-3.8203485,-4.9762306
2499,-6.373782,-3.1988332
2500,-4.062172,2.8848698
2501,-1.9267242,-0.023983365
2502,-3.1152337,1.4989686
2503,-3.5004945,1.7004516
2504,-4.0161405,3.3072648
2505,-2.5867722,7.0494833
2506,3.5483065,-0.60518384
2507,3.7337124,2.7848902
2508,1.1536422,3.8930545
2509,9.024914,-1.7178423
2510,-5.46768,2.6892664
2511,-4.718285,2.8666558
2512,1.4190304,4.3175836
2513,3.9735336,5.1777954
2514,4.9455233,4.1685095
2515,0.92986417,2.6403518
2516,3.5372949,-1.3350223
2517,4.6243706,5.3689156
2518,7.235831,-4.7686167
2519,9.18283,1.9605873
2520,4.536898,-1.8517865
2521,-0.5216716,7.529934
2522,-2.653006,-4.658048
2523,2.6200898,4.7410245
2524,0.85597426,-4.63691
2525,3.0074713,5.8528175
2526,7.302839,-3.8691933
2527,-2.3650205,4.024975
2528,-5.3526015,-0.54961425
2529,3.4461484,1.855112
2530,7.3493414,-2.4838302
2531,6.802858,-2.5222697
2532,-0.5337555,1.8092742
2533,-4.3690367,3.4100363
2534,-2.8115935,0.6696388
2535,-0.41778716,0.26469055
2536,2.938942,1.1155999
2537,0.02565792,4.040193
2538,3.7530942,-4.4286737
2539,7.713869,3.715937
2540,6.570676,-7.50608
2541,3.3545728,-4.3520036
2542,2.6744072,3.8347888
2543,-3.1399765,-0.22364375
2544,-2.9549284,1.2995852
2545,-10.152197,1.4715043
2546,-6.5675707,0.7312819
2547,1.227729,-1.5725234
2548,1.0317676,1.7294173
2549,-0.46736732,0.79084796
2550,-4.0410132,1.5955545
2551,-3.502973,-0.89261246
2552,-0.6636489,3.087171
2553,-1.2537546,3.1684897
2554,-0.4676226,0.6273258
2555,1.1051543,-2.551229
2556,2.114892,0.470083
2557,-4.926827,4.3067045
2558,-6.315678,0.7368472
2559,-4.731133,-0.8574925
2560,-2.136505,-0.5407393
2561,-4.059138,3.1984339
2562,-0.73105013,5.0516963
2563,6.3999705,-3.5882058
2564,5.870298,-4.6753035
2565,3.458292,0.28961712
2566,-0.32680565,0.15456772
2567,-5.1866293,-0.03662483
2568,-8.740654,-1.9690088
2569,-8.753841,4.042323
2570,-0.07227033,4.6423635
2571,8.000231,-0.61354965
2572,7.354057,-0.121812016
2573,1.9595226,1.5783151
2574,2.005671,1.7168448
2575,1.0001824,0.756627
2576,-3.5899572,-0.43540204
2577,-4.706697,1.0918962
2578,-0.90218145,3.7333593
2579,3.1455266,0.22917031
2580,-2.4186172,-0.12520614
2581,-5.8625684,0.18449646
2582,-0.62780017,8.714581
2583,2.7684586,1.4449334
2584,-4.1749024,0.69767153
2585,-5.8126025,0.89324206
2586,-8.375769,0.1449643
2587,-7.679703,-1.1735282
2588,-0.84020615,4.4263597
2589,5.120352,-0.3638124
2590,2.5922744,4.460134
2591,-7.5768013,-2.4215832
2592,-5.5099454,-2.1094966
2593,2.6011388,-4.046463
2594,-1.2569228,2.4324036
2595,-0.12851669,-9.350099
2596,-0.6518921,-4.7200065
2597,-4.0733523,0.5256838
2598,-5.664667,2.8537326
2599,-3.697262,2.147081
2600,-6.4871716,-0.73894954
2601,-5.033519,-3.1912558
2602,-2.8300915,2.350308
2603,-5.577275,1.0017519
2604,-7.290476,-1.1144736
2605,-2.3307753,-4.7991014
2606,1.2735939,3.4623108
2607,4.283076,0.82909536
2608,1.6362109,0.9492353
2609,4.6289744,-3.022597
2610,6.5139146,3.264108
2611,6.881971,-1.8087163
2612,2.6455014,-0.33075058
2613,-1.3770145,0.5774901
2614,-5.690415,1.712075
2615,-5.519754,-1.0473349
2616,-8.712627,-0.32762954
2617,-9.701674,-1.9337659
2618,-8.207206,3.0757143
2619,-3.8542347,0.77102125
2620,2.22242,-1.0761654
2621,-2.034742,-1.5902884
2622,-6.89805,1.5958571
2623,-5.02864,-0.73318744
2624,-6.088218,2.3643115
2625,-7.7810583,0.73864615
2626,-6.2903795,0.706516
2627,-4.4445267,2.5223987
2628,2.217042,-1.7479438
2629,1.8885522,-0.6943593
2630,-6.463715,-0.5238606
2631,-7.522703,2.3444424
2632,-4.9430957,-0.5225691
2633,-2.8131423,2.144621
2634,0.31516305,2.7592525
2635,2.7223535,3.857323
2636,-0.46529138,0.18890655
2637,-5.3221254,-1.4399265
2638,-8.379998,3.5198152
2639,-6.418341,0.72202194
2640,-4.240964,1.3691669
2641,-2.8429759,2.9128847
2642,1.802489,0.06501774
2643,5.847365,3.548755
2644,4.978392,-3.3556542
2645,-3.3830476,-1.5123303
2646,-2.7195177,-0.88011473
2647,-4.181385,3.9645007
2648,-5.9925795,1.5715399
2649,-2.6849604,1.4551915
2650,2.782012,6.2284584
2651,8.460978,-2.7364578
2652,9.402572,-2.5963504
2653,5.1372395,-4.796504
2654,-0.16474526,3.4331827
2655,-0.6216565,-3.8223407
2656,-3.2335598,-0.6017961
2657,-1.5122666,2.227377
2658,0.039438438,-0.10739727
2659,-1.1023382,3.26265
2660,3.0447316,-2.4702644
2661,-0.90366226,-0.11096172
2662,-7.887523,-7.527672
2663,-5.386181,6.5593834
2664,-2.9805768,0.10695957
2665,-4.702475,-4.7886662
2666,-5.1555424,-0.15607868
2667,-5.847955,3.7721663
2668,0.069239885,2.2780032
2669,0.9049878,5.0488048
2670,4.160902,3.832804
2671,1.7165594,5.4673986
2672,-2.124148,2.7365386
2673,-6.031024,1.6360643
2674,-1.9990059,1.8568693
2675,6.7029862,4.8915777
2676,3.668213,4.070118
2677,5.387089,1.0335354
2678,6.261376,1.4174751
2679,-1.8856575,3.5633254
2680,-6.1678996,1.805583
2681,-9.628978,1.5961918
2682,-6.761309,-1.7156869
2683,-4.9141307,5.7270813
2684,-3.7544937,2.3195264
2685,-0.3831096,2.4870384
2686,-0.1510842,1.2050151
2687,-0.7656023,3.57851
2688,0.37420925,5.4709744
2689,-1.468543,4.383604
2690,-2.1938355,2.4360142
2691,0.95005745,5.8821354
2692,0.9335347,3.702155
2693,5.233415,4.647806
2694,1.8461332,3.2208793
2695,-0.8896299,2.9206553
2696,3.115086,5.1023827
2697,-0.9349405,3.005968
2698,-3.4810991,0.44963592
2699,-4.7649865,3.2133512
2700,-5.8058,1.5335128
2701,-4.7492766,2.1709387
2702,-1.480076,0.6114617
2703,3.4908576,3.276687
2704,-0.025902195,2.9852197
2705,-3.375409,1.3073612
2706,-2.0092816,-0.07276199
2707,8.389327,1.4248675
2708,10.634695,2.8179846
2709,-1.0667514,-4.4341607
2710,-4.024782,-1.8743536
2711,-6.2965846,6.5862846
2712,-1.644262,9.63531
2713,-1.0002987,-5.3509912
2714,1.0968475,-7.4199452
2715,1.4208635,8.913601
2716,3.4449408,1.7919998
2717,2.326581,2.621846
2718,0.49513596,0.776307
2719,1.1799362,-4.6525683
2720,3.4891376,2.789508
2721,3.0568724,5.9418974
2722,-4.9193025,-0.010527267
2723,-8.630217,2.7045434
2724,-7.2536983,5.471291
2725,6.7689686,4.46125
2726,9.708261,-1.3135167
2727,7.449456,-2.3645709
2728,6.507357,-0.7633988
2729,0.14171799,5.0711727
2730,-6.3929873,1.3944684
2731,3.5568044,2.2424183
2732,7.2960486,-0.0415596
2733,8.403516,2.9508286
2734,3.2438965,-1.2694358
2735,0.50341916,-4.2289863
2736,-3.2548022,-0.845697
2737,-0.3117458,3.262058
2738,2.2083263,-0.26253086
2739,1.3539072,-2.4323695
2740,0.18292801,-0.20676784
2741,3.3781931,3.9446723
2742,4.7154174,3.4945104
2743,3.1364596,2.0845969
2744,6.9789305,3.5134377
2745,5.4868717,5.246691
2746,3.9914544,3.8594122
2747,0.84187543,1.1540065
2748,-0.4485433,0.9589048
2749,3.2306595,4.89279
2750,6.3525987,2.1313803
2751,8.142823,0.56397253
2752,6.3359222,-3.865748
2753,6.3929534,0.81138915
2754,-3.2946234,2.0831099
2755,-10.663397,1.0494664
2756,-5.4056726,1.6738182
2757,-3.3501327,0.7099334
2758,-3.2020636,2.0975564
2759,-2.0128472,0.1502813
2760,-5.176254,1.412367
2761,-7.7366056,4.1265464
2762,-4.654549,5.3332806
2763,-3.7678611,-4.232378
2764,-5.1184707,7.5020185
2765,-1.4552563,-0.37786576
2766,-1.3115916,5.221032
2767,0.37235543,3.990609
2768,-4.0204506,3.1104865
2769,-4.328812,-0.25460407
2770,-2.6113017,2.4521384
2771,-4.090059,2.856572
2772,-4.6576686,2.1572666
2773,-4.497451,2.1891043
2774,-3.2592232,2.75294
2775,-5.473324,3.5871868
2776,-5.1574802,4.0428343
2777,-4.622554,3.4129198
2778,-4.5822115,1.986807
2779,8.396981,6.3870335
2780,2.913855,0.7582556
2781,-2.8210473,3.9005072
2782,2.9676156,4.355634
2783,2.1818576,-1.1173874
2784,2.502985,3.8898902
2785,7.8636837,5.0438423
2786,5.269585,3.058042
2787,4.4692802,2.0372381
2788,3.854698,-0.5495638
2789,-0.914397,4.586408
2790,-0.9143807,-2.550004
2791,-1.0860978,4.1968746
2792,-2.7658393,3.9996467
2793,-3.539404,0.42080852
2794,1.5274009,3.7383487
2795,7.295587,5.182515
2796,-3.646857,3.2422194
2797,-5.9667687,3.2127674
2798,-2.6357412,-9.325472
2799,-1.8000879,2.5653884
2800,-2.648369,1.9165311
2801,-2.5149848,3.70428
2802,-1.2707765,1.277531
2803,-1.9471486,3.2217803
2804,-2.9012566,1.8692532
2805,-3.1500852,3.410755
2806,-3.0875888,2.7787642
2807,-2.8511126,5.5056214
2808,4.336751,2.7943144
2809,5.0383396,-2.1317184
2810,3.0546026,0.32746723
2811,-1.577593,1.9780719
2812,0.5909436,4.1998625
2813,-1.0478908,2.7136688
2814,-2.6787848,2.0293293
2815,-0.5432447,3.9660187
2816,5.105868,2.9497187
2817,3.7203565,2.4160278
2818,0.5880261,0.46651345
2819,2.3871584,3.9750528
2820,3.0564,2.4938483
2821,-0.8539276,-0.7877811
2822,2.761809,1.9137973
2823,-2.2002082,0.41117918
2824,-4.2098207,3.2110507
2825,-4.550499,2.7680383
2826,-1.341221,2.3256333
2827,0.22631195,1.0635952
2828,2.0694792,2.8188848
2829,1.131184,3.755687
2830,4.5575647,5.167705
2831,3.591507,4.8560286
2832,6.271231,-1.4164765
2833,5.663064,6.3562427
2834,5.1407595,-1.4823233
2835,4.5163383,5.8869877
2836,3.5839136,2.8405733
2837,2.492923,-0.7987098
2838,1.4036276,3.8430731
2839,-0.8963146,1.6852784
2840,-2.5591302,3.6223779
2841,-1.3456674,2.00915
2842,3.3338928,0.6861494
2843,3.0283182,0.42128837
2844,2.5461829,2.313132
2845,-0.89841783,2.0298922
2846,-0.3504712,3.626725
2847,-2.080584,0.37588274
2848,-1.4517633,3.7494586
2849,1.3168831,3.295472
2850,1.483156,1.1522844
2851,9.282032,2.852879
2852,7.5571527,5.5319047
2853,-5.078847,2.5798156
2854,-6.6477118,-0.6036315
2855,-5.3173637,0.1589603
2856,-2.5043008,2.7458067
2857,0.46238875,1.7104586
2858,2.260573,5.47552
2859,-3.0889313,-6.007191
2860,-2.8077698,1.9039539
2861,-2.601967,7.714674
2862,-4.4992685,3.904881
2863,-1.5942587,-6.1957097
2864,8.002435,-3.4397964
2865,9.247714,0.7536554
2866,8.01453,6.634071
2867,6.05128,2.2955792
2868,3.7164567,-0.36197585
2869,5.812422,1.3298949
2870,3.6297233,1.8231268
2871,1.8186151,1.1096767
2872,-1.9428134,4.310321
2873,-4.420974,-2.0955665
2874,-4.320199,2.6559522
2875,-1.2341694,0.36374563
2876,3.654831,0.8263681
2877,2.1041262,2.9407244
2878,0.34692246,-1.7595612
2879,-2.032751,-0.5728664
2880,-3.6635468,-0.061598852
2881,-2.7363997,-0.89603883
2882,-1.9286072,-2.5970871
2883,0.5787161,-0.21286952
2884,1.9491472,-0.4265953
2885,0.98619705,-4.018278
2886,1.6796553,-2.8185625
2887,2.8164365,-0.5977498
2888,2.0318725,-1.5346565
2889,3.3029456,-0.875802
2890,1.7698619,-0.10053726
2891,-0.20255996,-1.248052
2892,0.2897602,-1.2315264
2893,0.8207458,-0.654672
2894,-0.06807251,-0.31167516
2895,0.35189697,0.2402478
2896,1.345599,0.45338076
2897,0.12586878,-1.2448152
2898,-1.4623104,-1.4862217
2899,-0.6942043,0.42051128
2900,0.99085176,-0.44001058
2901,1.0362147,0.5005371
2902,-0.98950696,-0.08601013
2903,-0.19260609,-0.91641116
2904,1.957791,-0.28238535
2905,2.3658433,1.0009086
2906,-1.4085681,0.22856228
2907,-0.8373375,-1.1557274
2908,-0.0033276558,0.28949025
2909,0.5125124,0.6651064
2910,-0.55879575,0.4124185
2911,-0.93768066,0.31825545
2912,-2.5424163,0.70002985
2913,-1.5935647,0.20821117
2914,-0.8206103,0.32563302
2915,-0.33953336,0.21941696
2916,0.0077327727,0.055530738
2917,-0.23096825,-0.15592481
2918,-0.45297858,-0.0044736196
2919,-0.45987225,0.65822875
2920,-0.6099852,0.77475756
2921,-0.81579757,0.3024062
2922,-0.4158593,0.34381634
2923,-0.5366631,-0.11754295
2924,-0.7532153,-0.14468582
2925,-0.9409796,0.092461
2926,-0.92679536,0.1697532
2927,-0.56515455,0.038802337
2928,-1.3424127,-0.10582853
2929,-2.2811923,-0.062042713
2930,-3.286168,0.07595145
2931,-3.625015,0.13714659
2932,-4.6624317,0.31731775
2933,-7.9575324,1.1424705
2934,-9.254986,2.3364534
2935,1.1751941,1.0029571
2936,0.97204745,0.93220305
2937,3.405556,1.7824135
2938,4.8088365,1.2495807
2939,4.244205,-0.28710908
2940,4.4884343,-0.3850437
2941,4.8890915,-0.28638878
2942,4.271957,0.08704687
2943,1.7768161,0.19713579
2944,-0.05885845,0.23041016
2945,-1.2122021,0.14504649
2946,-3.1572106,-0.15131925
2947,-2.950929,-0.050574303
2948,-2.1432292,0.342911
2949,-1.2419244,0.28865305
2950,-0.12414814,0.2249057
2951,0.48209503,0.011808281
2952,1.1443034,-0.053830527
2953,1.4042636,-0.14973505
2954,1.4717267,-0.23793425
2955,1.3274336,-0.21321398
2956,0.8476932,-0.22192109
2957,0.32444754,-0.24493457
2958,0.040830515,-0.08747745
2959,-0.4184741,0.04989731
2960,-0.53099847,0.17627984
2961,-0.6648626,0.13129617
2962,-0.56564546,0.06592545
2963,-0.4951972,-0.06910249
2964,0.5957694,-0.07367608
2965,0.7331083,-0.145767
2966,-0.0880695,-0.56639105
2967,-2.4857256,-0.82567954
2968,-2.2290726,-0.5828449
2969,3.226437,-1.0773875
2970,5.8701744,-1.2770109
2971,5.456694,-0.5063983
2972,4.3741016,-1.1435139
2973,5.5658345,-0.72854936
2974,8.587017,-0.21878612
2975,9.093411,0.1784617
2976,6.9026475,1.3567178
2977,1.0954283,0.77282387
2978,-6.17128,-0.85451883
2979,-6.0238514,-0.5990633
2980,-3.5098102,1.3155414
2981,0.54446256,0.14863484
2982,0.36634842,0.35826933
2983,-0.91313726,-0.00034383775
2984,-0.23669237,-0.14910464
2985,0.57974315,0.10425884
2986,0.6049979,-0.043612152
2987,0.12008946,-0.08434527
2988,0.3019257,-0.03079506
2989,0.79748315,-0.042995416
2990,0.5485755,-0.17069402
2991,0.035119973,-0.40943813
2992,-0.092038535,-0.121809065
2993,0.29364577,-0.3841174
2994,1.0637891,-0.5005348
2995,1.165762,-0.37882298
2996,0.9850633,-0.24925064
2997,0.55590653,-0.032470226
2998,-0.030399151,0.17616324
2999,-0.2231796,0.27319503
