[{"id":"7b7425cf-f335-4ebf-8c26-ea32ce1031ec","path":"//requirements.txt"},{"id":"ed7a6595-1125-402c-a683-443d2f0591db","path":"//Dockerfile"},{"id":"8942d4dc-7e2a-4f29-8315-f07b01324bfe","path":"//20231215123326_000554-vibration_data.csv"},{"id":"8593f1d5-3d65-43e2-a70e-e1546ead584c","path":"//20231215122825_000553-vibration_data.csv"},{"id":"2f80f156-8757-465c-b106-7ff99ff79a09","path":"//20231215123826_000555-vibration_data.csv"},{"id":"a365e4cd-1da5-439e-ba28-122283daf7c3","path":"//20231215131326_000562-vibration_data.csv"},{"id":"0cc0c1b4-17b3-4469-a85e-7a66547d7f51","path":"//MileEnd-Hyde-Park-iPhoneAudio_2100-2400_vibration_data.csv"},{"id":"a26d48b2-d375-498f-bcf0-d8f27669fbd0","path":"//MileEnd-Hyde-Park-iPhoneAudio_0-300_vibration_data.csv"},{"id":"28607faa-f0eb-43a5-b617-23db8f58e487","path":"//MileEnd-Hyde-Park-iPhoneAudio_2400-2498_vibration_data.csv"},{"id":"ab393c66-49dd-43a7-8a50-a16c188e28f1","path":"//MileEnd-Hyde-Park-iPhoneAudio_300-600_vibration_data.csv"},{"id":"3f64faa8-d232-43ce-a1c8-6d35b8f44078","path":"//MileEnd-Hyde-Park-iPhoneAudio_600-900_vibration_data.csv"}]